id,Age,Gender.1.Male.,HouseholdIncome,Education,PoliticalOrientation,own health, health of your loved ones ,lockdown i, income/savings , not being able to exercise, not having access to food/medicine/other supplies, not being able to socialize,Anxiety_factor_noSTAI,COVID19Consumption, I feel calm., I am tense., I feel upset.,I am relaxed.,I am content.,I am worried.,STAI,STAI_scored,Anxiety_factor_STAI,Ethnicity,Dependents,HealthCareInsuranceSatisfaction
1,28,2,7,4,1,54,89,78,45,20,25,96,58.14285714,4,3,2,3,3,2,2,46.66666667,44.44444444,56.43055556,5,2,3
2,44,1,3,2,1,77,100,37,72,1,76,16,54.14285714,5,1,4,3,1,1,4,76.66666667,94.44444444,59.18055556,5,2,1
3,72,2,3,1,2,66,88,37,31,0,8,65,42.14285714,5,3,2,1,3,3,2,36.66666667,27.77777778,40.34722222,5,2,3
4,56,2,6,2,1,100,100,51,65,100,63,36,73.57142857,4,1,4,3,1,1,4,76.66666667,94.44444444,76.18055556,5,2,1
5,60,1,1,1,2,9,55,1,0,1,0,15,11.57142857,6,4,1,1,4,3,2,26.66666667,11.11111111,11.51388889,5,2,4
6,47,1,1,3,1,64,100,66,100,100,59,0,69.85714286,4,3,1,1,3,3,1,30,16.66666667,63.20833333,2,2,4
7,36,1,2,3,2,0,0,49,33,28,45,39,27.71428571,4,4,2,1,3,4,1,26.66666667,11.11111111,25.63888889,5,2,1
8,59,2,4,1,1,62,73,87,100,34,13,79,64,4,3,1,1,3,3,2,33.33333333,22.22222222,58.77777778,5,2,4
9,30,1,1,2,1,46,100,49,100,0,95,0,55.71428571,5,1,2,1,1,1,3,60,66.66666667,57.08333333,1,2,2
10,57,1,4,1,1,59,75,24,8,17,6,24,30.42857143,4,3,2,1,3,3,2,36.66666667,27.77777778,30.09722222,5,2,2
11,40,1,4,1,2,45,73,57,90,5,6,30,43.71428571,4,3,2,1,2,2,2,43.33333333,38.88888889,43.11111111,5,2,3
12,43,2,2,2,2,70,74,19,53,0,45,5,38,4,3,1,2,3,3,2,36.66666667,27.77777778,36.72222222,5,2,3
13,64,1,1,1,1,72,61,43,98,15,86,60,62.14285714,5,2,3,2,2,1,3,60,66.66666667,62.70833333,5,2,1
14,41,2,2,4,1,82,100,80,80,0,0,83,60.71428571,4,3,1,1,3,3,2,33.33333333,22.22222222,55.90277778,5,2,3
15,76,1,4,4,1,12,12,6,6,7,7,6,8,5,3,1,1,3,3,1,30,16.66666667,9.083333333,5,2,4
16,53,1,1,1,2,100,83,23,83,65,100,11,66.42857143,5,2,1,1,2,1,1,43.33333333,38.88888889,62.98611111,3,2,3
17,64,1,1,1,2,25,100,22,23,0,4,0,24.85714286,5,4,1,1,4,4,1,20,0,21.75,5,2,2
18,29,1,3,3,2,89,65,19,100,77,21,7,54,5,3,2,1,2,3,4,46.66666667,44.44444444,52.80555556,5,2,3
19,48,1,8,4,1,58,94,67,33,100,51,29,61.71428571,5,2,2,2,2,2,2,50,50,60.25,5,1,3
20,65,1,8,4,1,95,100,65,38,32,20,60,58.57142857,5,2,2,3,2,3,2,50,50,57.5,5,2,3
21,58,2,5,4,1,100,100,84,100,15,76,0,67.85714286,5,3,1,1,3,3,1,30,16.66666667,61.45833333,5,2,3
22,63,2,1,2,1,62,100,71,37,39,64,94,66.71428571,5,2,2,2,2,2,3,53.33333333,55.55555556,65.31944444,5,1,3
23,59,1,3,3,1,100,100,100,100,100,100,100,100,3,3,2,2,3,2,3,46.66666667,44.44444444,93.05555556,5,1,2
24,32,1,1,4,2,82,97,70,100,100,100,83,90.28571429,4,2,2,2,2,2,3,53.33333333,55.55555556,85.94444444,1,2,2
25,32,2,3,2,1,51,100,51,12,51,66,51,54.57142857,4,2,2,2,2,2,2,50,50,54,5,2,3
26,59,1,8,4,1,26,39,1,9,64,12,18,24.14285714,5,4,1,1,4,4,1,20,0,21.125,5,2,3
27,62,2,4,4,1,57,57,73,61,43,40,65,56.57142857,4,2,1,1,3,2,2,40,33.33333333,53.66666667,5,2,2
28,33,1,1,1,1,61,73,4,3,0,15,0,22.28571429,5,2,3,2,2,2,2,53.33333333,55.55555556,26.44444444,5,2,1
29,41,1,8,3,2,27,86,0,75,0,22,11,31.57142857,4,4,1,1,4,4,2,23.33333333,5.555555556,28.31944444,5,2,3
30,30,2,8,3,1,33,78,55,62,12,53,40,47.57142857,4,3,1,1,3,3,2,33.33333333,22.22222222,44.40277778,5,2,2
31,62,2,5,2,2,5,9,8,23,7,68,16,19.42857143,4,3,1,1,3,2,1,33.33333333,22.22222222,19.77777778,5,2,3
32,68,2,2,3,1,99,100,27,98,81,4,23,61.71428571,5,2,1,1,2,1,3,50,50,60.25,5,2,4
33,28,1,3,1,1,7,3,7,16,0,0,0,4.714285714,3,4,1,1,4,4,1,20,0,4.125,5,2,1
34,48,2,4,3,1,63,75,11,77,19,12,3,37.14285714,6,3,2,1,3,1,2,43.33333333,38.88888889,37.36111111,5,2,3
35,43,2,6,3,2,5,5,12,100,2,10,0,19.14285714,3,1,4,4,1,1,4,80,100,29.25,0,2,2
36,70,1,4,3,2,77,82,70,72,72,70,35,68.28571429,4,2,2,1,2,2,3,50,50,66,5,2,3
37,49,1,1,3,1,91,9,71,18,0,67,0,36.57142857,5,2,2,1,2,1,2,50,50,38.25,5,2,4
38,20,1,8,1,1,27,100,40,31,0,0,77,39.28571429,4,3,1,1,3,3,1,30,16.66666667,36.45833333,5,2,3
39,67,2,3,3,2,33,85,0,85,0,100,0,43.28571429,5,4,1,1,4,4,1,20,0,37.875,5,2,4
40,68,2,6,3,2,77,71,19,67,32,73,62,57.28571429,5,2,3,4,1,1,4,73.33333333,88.88888889,61.23611111,5,2,3
41,40,1,4,3,1,70,87,59,72,10,26,60,54.85714286,3,3,2,2,3,2,3,46.66666667,44.44444444,53.55555556,1,2,2
42,39,2,1,1,2,80,93,78,100,12,93,100,79.42857143,4,1,4,3,1,1,4,76.66666667,94.44444444,81.30555556,2,2,1
43,61,2,5,1,2,87,95,55,57,38,32,44,58.28571429,4,3,2,1,3,3,2,36.66666667,27.77777778,54.47222222,5,2,2
44,34,2,2,1,1,11,42,6,64,0,12,7,20.28571429,4,4,1,1,4,4,2,23.33333333,5.555555556,18.44444444,3,2,3
45,60,1,2,3,1,89,89,95,79,85,32,86,79.28571429,4,2,3,2,1,2,3,60,66.66666667,77.70833333,5,2,4
46,29,1,3,3,1,38,56,76,11,94,9,40,46.28571429,5,3,1,1,3,3,1,30,16.66666667,42.58333333,5,2,3
47,23,1,7,1,1,75,99,16,37,13,26,0,38,4,4,1,2,4,2,3,36.66666667,27.77777778,36.72222222,5,2,3
48,44,2,6,3,2,15,97,19,16,45,5,21,31.14285714,4,2,2,1,2,1,2,50,50,33.5,5,1,4
49,65,2,5,3,1,76,100,26,92,59,61,73,69.57142857,5,2,3,2,2,2,4,60,66.66666667,69.20833333,5,2,1
50,66,1,4,4,1,27,72,6,20,12,12,2,21.57142857,5,3,1,1,3,2,2,36.66666667,27.77777778,22.34722222,5,2,4
51,51,1,4,3,2,1,7,29,62,62,42,100,43.28571429,5,1,2,4,1,1,2,66.66666667,77.77777778,47.59722222,5,2,2
52,70,1,3,3,1,53,52,8,0,0,33,59,29.28571429,4,3,1,1,3,2,2,36.66666667,27.77777778,29.09722222,5,2,3
53,63,2,2,2,1,79,100,27,66,18,22,13,46.42857143,5,2,3,3,1,1,4,70,83.33333333,51.04166667,5,2,3
54,38,2,4,3,1,100,100,94,95,0,92,78,79.85714286,5,1,3,2,1,1,3,66.66666667,77.77777778,79.59722222,5,1,1
55,38,1,3,3,1,80,97,80,100,100,84,98,91.28571429,5,2,3,3,2,2,3,60,66.66666667,88.20833333,2,2,3
56,67,2,2,2,1,76,93,62,72,34,61,73,67.28571429,5,3,2,2,1,1,4,60,66.66666667,67.20833333,5,2,3
57,58,1,1,1,1,90,66,60,56,42,54,74,63.14285714,6,1,4,2,1,1,4,73.33333333,88.88888889,66.36111111,5,2,4
58,31,2,4,1,1,76,100,25,68,0,38,0,43.85714286,4,3,2,1,3,2,2,40,33.33333333,42.54166667,5,1,2
59,62,1,4,4,2,11,15,27,27,26,40,38,26.28571429,4,4,1,1,4,4,1,20,0,23,5,2,2
60,52,1,1,3,1,56,100,17,49,0,37,0,37,4,2,1,1,2,1,2,46.66666667,44.44444444,37.93055556,5,2,2
61,52,1,8,3,2,5,13,13,47,9,3,9,14.14285714,4,3,1,1,3,3,1,30,16.66666667,14.45833333,5,1,3
62,43,2,4,3,2,75,100,28,100,55,100,100,79.71428571,5,3,3,1,2,3,2,43.33333333,38.88888889,74.61111111,2,1,3
63,26,1,4,2,1,12,12,4,5,4,3,3,6.142857143,2,4,1,1,3,2,1,30,16.66666667,7.458333333,0,2,2
64,45,2,1,2,2,29,83,80,88,9,82,78,64.14285714,6,3,2,3,3,2,3,50,50,62.375,5,1,3
65,63,2,2,2,1,79,100,84,100,19,85,95,80.28571429,4,2,3,2,1,1,3,63.33333333,72.22222222,79.27777778,5,2,3
66,51,2,8,3,1,95,100,0,89,0,35,0,45.57142857,5,1,4,3,1,1,2,70,83.33333333,50.29166667,5,1,3
67,70,1,4,2,2,85,84,10,58,0,14,0,35.85714286,5,4,1,1,3,2,2,33.33333333,22.22222222,34.15277778,5,2,3
68,40,1,6,3,1,2,3,2,4,1,1,1,2,4,4,1,1,4,4,1,20,0,1.75,2,2,4
69,77,1,7,3,2,96,97,58,27,20,0,82,54.28571429,5,2,1,1,3,2,2,40,33.33333333,51.66666667,5,2,3
70,56,1,3,1,2,24,33,23,7,4,4,13,15.42857143,4,3,1,1,2,3,2,36.66666667,27.77777778,16.97222222,5,2,3
71,61,2,4,2,1,87,100,5,100,8,80,0,54.28571429,5,3,2,1,1,3,2,43.33333333,38.88888889,52.36111111,5,2,3
72,34,2,8,3,1,44,69,77,55,75,56,64,62.85714286,5,3,1,1,3,3,1,30,16.66666667,57.08333333,5,1,3
73,26,2,4,4,1,60,76,54,68,64,35,29,55.14285714,4,3,2,1,2,3,2,40,33.33333333,52.41666667,5,2,3
74,51,2,1,2,1,66,100,72,100,60,85,77,80,4,1,4,4,2,1,4,76.66666667,94.44444444,81.80555556,5,1,3
75,60,1,4,1,1,82,98,51,63,0,21,23,48.28571429,5,3,1,2,3,3,2,36.66666667,27.77777778,45.72222222,5,2,2
76,24,1,5,1,1,94,71,84,74,66,87,71,78.14285714,5,1,3,2,1,1,4,70,83.33333333,78.79166667,5,2,1
77,75,2,1,1,1,75,74,73,28,31,26,84,55.85714286,4,3,2,2,3,2,2,43.33333333,38.88888889,53.73611111,5,2,3
78,34,1,7,3,1,42,60,74,91,25,69,56,59.57142857,4,2,3,2,2,2,3,56.66666667,61.11111111,59.76388889,5,2,1
79,41,2,6,4,1,72,85,62,4,59,15,36,47.57142857,6,1,4,3,2,1,4,73.33333333,88.88888889,52.73611111,5,1,2
80,60,2,2,2,1,97,97,95,94,35,74,61,79,4,3,1,2,3,3,2,36.66666667,27.77777778,72.59722222,5,2,1
81,67,1,5,4,2,25,25,25,50,32,32,57,35.14285714,4,4,1,1,3,3,1,26.66666667,11.11111111,32.13888889,5,2,4
82,62,2,6,3,2,33,67,31,29,0,10,35,29.28571429,4,3,1,1,3,4,2,30,16.66666667,27.70833333,5,2,4
83,63,2,4,4,1,31,30,0,72,74,74,4,40.71428571,5,3,2,1,4,3,1,30,16.66666667,37.70833333,2,1,3
84,49,1,3,1,1,21,87,100,100,9,100,22,62.71428571,4,1,4,4,1,1,4,80,100,67.375,3,1,3
85,75,2,5,4,1,78,65,25,20,59,40,30,45.28571429,5,3,1,2,2,3,2,40,33.33333333,43.79166667,5,2,3
86,47,1,2,1,1,95,85,83,82,91,5,28,67,5,3,2,1,3,3,1,33.33333333,22.22222222,61.40277778,5,2,4
87,48,2,1,1,1,51,56,51,50,34,62,34,48.28571429,4,1,2,2,1,1,3,63.33333333,72.22222222,51.27777778,2,2,1
88,59,2,8,3,1,71,100,72,81,35,27,63,64.14285714,4,2,2,1,3,2,2,43.33333333,38.88888889,60.98611111,5,2,3
89,66,1,8,4,2,9,23,2,64,39,17,9,23.28571429,4,4,1,1,4,3,1,23.33333333,5.555555556,21.06944444,5,2,3
90,37,1,1,1,1,8,13,2,65,0,25,0,16.14285714,3,4,1,1,4,4,1,20,0,14.125,5,2,1
91,29,2,4,1,1,59,86,0,61,31,54,56,49.57142857,5,2,1,1,2,2,1,40,33.33333333,47.54166667,5,2,3
92,56,2,3,1,2,17,30,18,15,7,40,30,22.42857143,3,4,1,1,4,4,1,20,0,19.625,5,2,3
93,50,2,1,1,1,100,82,19,88,38,82,0,58.42857143,5,1,4,3,1,1,4,76.66666667,94.44444444,62.93055556,5,1,1
94,43,2,7,3,2,18,33,9,60,63,24,20,32.42857143,4,4,1,1,3,3,1,26.66666667,11.11111111,29.76388889,5,1,3
95,18,1,6,1,2,100,100,67,59,43,70,92,75.85714286,3,2,3,1,2,3,4,53.33333333,55.55555556,73.31944444,5,2,3
96,32,1,4,4,2,93,92,91,96,25,94,47,76.85714286,6,1,4,4,1,1,4,80,100,79.75,5,2,3
97,31,1,6,2,1,35,54,21,66,0,26,0,28.85714286,4,2,1,2,2,1,2,50,50,31.5,5,2,3
98,46,2,8,3,1,55,60,55,65,5,3,15,36.85714286,5,2,3,2,2,1,2,56.66666667,61.11111111,39.88888889,5,2,2
99,39,1,4,3,1,32,70,25,74,35,60,35,47.28571429,4,2,1,1,2,1,2,46.66666667,44.44444444,46.93055556,5,2,3
100,37,1,5,3,1,58,44,40,61,77,65,58,57.57142857,5,4,1,1,4,3,1,23.33333333,5.555555556,51.06944444,2,2,3
101,33,1,3,1,1,100,100,100,100,100,100,0,85.71428571,4,3,2,1,4,2,2,36.66666667,27.77777778,78.47222222,5,2,2
102,50,1,8,3,1,69,72,73,75,31,62,86,66.85714286,4,2,3,3,2,2,3,60,66.66666667,66.83333333,1,1,3
103,59,2,6,3,1,100,100,17,84,26,87,72,69.42857143,5,2,2,1,2,2,2,46.66666667,44.44444444,66.30555556,5,1,3
104,47,2,7,3,1,24,81,53,45,0,44,63,44.28571429,4,3,2,1,2,3,2,40,33.33333333,42.91666667,5,1,3
105,24,2,3,3,1,90,89,93,95,10,90,94,80.14285714,4,2,4,4,2,2,4,70,83.33333333,80.54166667,0,2,1
106,38,2,7,2,1,8,37,2,87,5,2,17,22.57142857,5,2,3,1,1,2,3,56.66666667,61.11111111,27.38888889,5,1,3
107,60,1,6,4,1,75,90,51,65,28,72,35,59.42857143,4,1,3,2,1,1,3,66.66666667,77.77777778,61.72222222,5,2,3
108,66,1,5,3,1,97,97,0,2,0,2,2,28.57142857,5,4,1,1,4,3,1,23.33333333,5.555555556,25.69444444,5,2,4
109,39,2,2,1,1,29,70,68,20,7,0,64,36.85714286,5,2,1,1,2,2,2,43.33333333,38.88888889,37.11111111,5,1,3
110,34,2,8,3,1,51,85,63,87,18,5,26,47.85714286,5,3,2,2,4,4,2,33.33333333,22.22222222,44.65277778,5,1,3
111,49,1,8,1,2,19,40,38,31,0,5,5,19.71428571,5,4,1,1,3,3,1,26.66666667,11.11111111,18.63888889,5,1,3
112,48,2,6,3,1,16,38,36,82,0,0,8,25.71428571,5,3,2,2,1,2,2,50,50,28.75,5,2,4
113,51,1,4,2,1,68,71,79,87,57,92,64,74,4,3,1,2,3,3,2,36.66666667,27.77777778,68.22222222,5,2,3
114,33,1,5,1,1,51,83,53,55,34,37,42,50.71428571,4,2,2,2,1,1,2,56.66666667,61.11111111,52.01388889,5,1,1
115,28,2,3,2,1,75,77,80,91,25,77,80,72.14285714,5,2,1,2,2,1,2,50,50,69.375,5,1,3
116,25,2,3,3,1,39,89,37,73,34,16,62,50,4,3,1,1,3,3,2,33.33333333,22.22222222,46.52777778,5,2,3
117,22,2,5,1,1,100,43,0,74,0,100,0,45.28571429,3,2,4,2,1,3,3,60,66.66666667,47.95833333,5,2,1
118,42,2,8,4,1,74,90,14,50,93,7,58,55.14285714,5,2,3,2,2,2,3,56.66666667,61.11111111,55.88888889,5,2,3
119,62,2,1,1,1,0,0,0,0,0,0,0,0,5,4,1,1,4,3,1,23.33333333,5.555555556,0.694444444,5,2,1
120,55,2,4,4,2,84,88,28,64,58,60,61,63.28571429,4,3,2,2,3,3,2,40,33.33333333,59.54166667,5,2,2
121,66,1,2,2,2,100,63,24,75,0,28,0,41.42857143,5,2,2,2,3,1,3,53.33333333,55.55555556,43.19444444,5,2,3
122,62,2,5,1,2,100,67,71,13,0,0,0,35.85714286,5,4,1,1,4,4,1,20,0,31.375,5,2,4
123,53,2,6,2,2,63,100,66,36,2,63,82,58.85714286,5,2,3,2,2,2,4,60,66.66666667,59.83333333,0,1,1
124,60,2,8,4,1,35,67,100,100,77,93,93,80.71428571,5,4,1,1,4,3,2,26.66666667,11.11111111,72.01388889,5,2,4
125,65,2,8,1,2,5,19,30,4,57,13,12,20,1,4,1,1,4,4,1,20,0,17.5,3,2,3
126,52,2,3,1,1,0,81,100,100,0,75,78,62,3,1,3,1,1,1,1,56.66666667,61.11111111,61.88888889,5,2,3
127,70,2,6,1,1,76,97,56,9,0,0,65,43.28571429,6,3,1,1,3,2,2,36.66666667,27.77777778,41.34722222,5,2,4
128,24,1,1,1,1,0,14,0,14,0,0,0,4,4,4,1,1,4,4,1,20,0,3.5,5,2,1
129,47,1,1,4,1,91,100,84,55,37,45,63,67.85714286,4,1,2,4,1,1,4,73.33333333,88.88888889,70.48611111,5,2,1
130,39,1,8,4,1,65,84,39,62,35,64,45,56.28571429,5,1,3,3,1,1,3,70,83.33333333,59.66666667,5,2,2
131,62,2,4,3,1,4,6,5,0,0,2,0,2.428571429,4,4,2,2,4,4,2,30,16.66666667,4.208333333,5,2,3
132,31,1,6,3,2,15,39,50,31,59,30,61,40.71428571,4,3,2,2,3,3,2,40,33.33333333,39.79166667,1,2,3
133,54,2,5,4,2,73,100,68,80,22,44,15,57.42857143,5,3,1,1,3,3,1,30,16.66666667,52.33333333,5,1,3
134,29,2,4,4,1,62,77,33,58,57,35,41,51.85714286,5,2,3,3,2,3,4,60,66.66666667,53.70833333,5,2,3
135,45,1,1,2,1,85,60,42,22,18,72,42,48.71428571,5,2,1,1,2,2,2,43.33333333,38.88888889,47.48611111,5,2,1
136,43,2,5,1,1,100,100,23,100,0,86,29,62.57142857,5,2,4,3,1,2,4,70,83.33333333,65.16666667,5,2,2
137,48,1,5,2,1,27,74,69,45,21,30,79,49.28571429,4,3,1,2,3,3,2,36.66666667,27.77777778,46.59722222,5,2,2
138,36,2,2,1,1,55,69,59,73,20,40,42,51.14285714,5,2,1,1,1,2,3,50,50,51,0,1,3
139,19,2,8,2,2,87,100,95,88,0,62,6,62.57142857,5,2,3,1,2,2,2,50,50,61,2,2,3
140,51,1,8,3,2,17,100,74,17,0,29,59,42.28571429,4,2,2,1,1,2,2,50,50,43.25,5,1,3
141,46,2,5,3,1,100,100,74,100,14,77,48,73.28571429,4,1,2,1,1,1,3,60,66.66666667,72.45833333,5,1,1
142,50,1,8,4,1,7,58,3,0,0,2,51,17.28571429,5,4,1,1,3,2,1,30,16.66666667,17.20833333,5,1,4
143,58,2,4,3,1,78,100,66,66,94,69,41,73.42857143,5,4,2,2,3,2,3,43.33333333,38.88888889,69.11111111,5,1,1
144,39,2,4,1,1,67,94,27,71,0,78,0,48.14285714,4,2,1,1,2,2,3,46.66666667,44.44444444,47.68055556,3,2,2
145,50,1,6,4,1,79,100,23,93,0,16,64,53.57142857,5,3,2,2,3,2,2,43.33333333,38.88888889,51.73611111,5,2,3
146,35,1,4,3,1,87,79,76,81,31,31,62,63.85714286,5,3,1,1,3,3,1,30,16.66666667,57.95833333,2,2,3
147,54,2,4,4,1,100,100,100,11,24,76,84,70.71428571,5,2,3,2,2,2,3,56.66666667,61.11111111,69.51388889,5,2,3
148,37,1,5,4,1,66,63,77,47,64,65,30,58.85714286,5,2,2,1,2,3,2,43.33333333,38.88888889,56.36111111,5,2,3
149,45,1,6,3,1,66,68,15,95,0,80,56,54.28571429,5,2,2,1,3,2,3,46.66666667,44.44444444,53.05555556,5,1,3
150,55,2,3,3,1,60,90,17,19,0,0,13,28.42857143,5,4,1,1,4,4,2,23.33333333,5.555555556,25.56944444,5,2,3
151,29,1,6,3,1,51,70,75,49,100,38,85,66.85714286,6,1,3,3,1,1,3,70,83.33333333,68.91666667,1,2,3
152,61,2,3,1,2,100,100,86,100,11,19,72,69.71428571,4,2,3,3,2,3,4,60,66.66666667,69.33333333,5,2,3
153,45,2,8,3,2,10,32,12,14,9,10,0,12.42857143,4,3,2,1,2,3,1,36.66666667,27.77777778,14.34722222,5,1,3
154,23,2,2,3,1,31,61,56,56,80,80,62,60.85714286,5,2,2,1,2,3,2,43.33333333,38.88888889,58.11111111,5,2,3
155,23,1,1,1,1,70,87,72,100,22,23,30,57.71428571,3,2,2,3,2,2,3,56.66666667,61.11111111,58.13888889,0,2,1
156,59,2,8,4,1,59,72,34,100,0,5,17,41,6,4,1,1,3,3,2,30,16.66666667,37.95833333,5,2,3
157,44,1,1,3,2,34,22,59,88,32,50,8,41.85714286,3,2,4,2,1,2,3,63.33333333,72.22222222,45.65277778,5,2,2
158,59,2,8,4,1,48,43,67,75,59,32,84,58.28571429,5,2,2,1,2,2,2,46.66666667,44.44444444,56.55555556,5,2,3
159,58,2,2,2,1,78,100,63,37,7,61,30,53.71428571,5,4,1,1,4,4,2,23.33333333,5.555555556,47.69444444,5,1,2
160,44,2,3,4,1,100,100,51,75,15,81,7,61.28571429,4,2,2,2,1,1,4,63.33333333,72.22222222,62.65277778,3,1,4
161,33,1,6,3,2,27,39,25,30,81,60,77,48.42857143,5,4,2,2,3,3,2,36.66666667,27.77777778,45.84722222,5,2,3
162,30,1,8,3,1,22,77,65,10,10,9,65,36.85714286,5,2,2,2,1,1,2,56.66666667,61.11111111,39.88888889,5,2,3
163,49,1,6,1,1,12,78,9,15,0,42,0,22.28571429,4,4,1,3,4,3,2,33.33333333,22.22222222,22.27777778,5,2,3
164,55,2,3,1,2,76,79,61,59,28,95,71,67,4,3,2,1,3,2,2,40,33.33333333,62.79166667,5,2,3
165,59,1,4,2,2,77,80,78,54,52,44,58,63.28571429,5,2,1,1,3,2,2,40,33.33333333,59.54166667,5,2,3
166,58,2,4,3,1,79,90,68,64,63,82,65,73,4,2,3,3,1,2,4,66.66666667,77.77777778,73.59722222,5,1,4
167,64,2,5,1,2,48,95,13,15,5,67,6,35.57142857,4,3,1,1,3,3,2,33.33333333,22.22222222,33.90277778,5,2,3
168,30,2,2,1,1,63,86,23,100,80,72,14,62.57142857,4,2,3,3,1,2,2,60,66.66666667,63.08333333,3,1,2
169,64,2,1,4,1,94,100,32,34,76,42,15,56.14285714,5,2,1,2,3,2,2,43.33333333,38.88888889,53.98611111,5,1,1
170,35,1,5,1,2,75,98,94,68,19,15,11,54.28571429,4,2,3,3,2,2,3,60,66.66666667,55.83333333,5,2,3
171,48,2,1,1,1,100,100,35,100,73,70,26,72,5,2,3,2,2,1,4,63.33333333,72.22222222,72.02777778,5,2,3
172,55,2,7,1,2,84,84,100,100,18,89,89,80.57142857,6,1,3,3,1,1,4,73.33333333,88.88888889,81.61111111,5,2,3
173,71,1,3,3,2,89,100,77,77,21,91,14,67,5,3,1,1,4,2,2,33.33333333,22.22222222,61.40277778,5,2,3
174,18,2,3,1,1,53,88,74,78,37,72,80,68.85714286,4,1,2,2,3,3,2,46.66666667,44.44444444,65.80555556,2,2,3
175,53,2,4,1,1,80,100,0,100,14,74,81,64.14285714,3,2,2,2,2,1,4,60,66.66666667,64.45833333,5,2,2
176,68,1,5,4,1,61,64,58,84,63,10,69,58.42857143,5,3,1,1,3,2,3,40,33.33333333,55.29166667,5,2,4
177,43,2,6,4,1,100,100,78,77,65,66,92,82.57142857,4,2,1,1,3,2,3,43.33333333,38.88888889,77.11111111,5,1,3
178,38,1,6,4,1,17,81,30,92,64,41,28,50.42857143,4,3,2,1,3,2,1,36.66666667,27.77777778,47.59722222,5,2,3
179,68,2,2,1,1,84,100,25,70,86,0,82,63.85714286,5,2,2,2,3,2,3,50,50,62.125,5,2,2
180,41,1,8,1,1,63,85,82,100,80,13,83,72.28571429,5,2,2,2,2,2,4,56.66666667,61.11111111,70.88888889,5,1,4
181,23,1,8,3,1,77,32,62,84,60,87,16,59.71428571,4,4,3,3,2,2,2,50,50,58.5,5,2,4
182,49,2,4,3,2,76,88,60,82,22,9,64,57.28571429,4,3,1,1,3,3,1,30,16.66666667,52.20833333,5,1,4
183,62,1,5,3,1,59,100,2,2,0,0,11,24.85714286,5,3,2,2,3,3,2,40,33.33333333,25.91666667,5,1,2
184,52,1,2,1,1,100,100,14,0,38,20,68,48.57142857,4,2,3,1,2,1,4,60,66.66666667,50.83333333,5,2,4
185,67,1,8,2,1,59,100,61,83,0,0,100,57.57142857,5,1,2,3,1,2,3,63.33333333,72.22222222,59.40277778,5,2,3
186,60,2,4,1,2,12,18,14,27,6,63,21,23,4,4,1,1,4,3,1,23.33333333,5.555555556,20.81944444,5,2,3
187,61,2,8,1,2,51,90,51,51,11,22,31,43.85714286,6,4,1,1,4,4,1,20,0,38.375,5,2,4
188,62,2,4,3,1,78,98,19,100,33,85,5,59.71428571,6,1,3,2,1,1,4,70,83.33333333,62.66666667,5,2,3
189,51,2,8,2,1,75,83,75,20,68,10,57,55.42857143,5,1,2,2,1,1,2,60,66.66666667,56.83333333,3,2,4
190,68,2,3,1,2,100,100,91,94,100,94,93,96,5,2,3,3,2,3,4,60,66.66666667,92.33333333,5,2,3
191,63,1,4,3,2,19,48,38,16,0,4,19,20.57142857,5,3,1,1,3,2,1,33.33333333,22.22222222,20.77777778,5,2,3
192,58,1,4,1,2,33,59,63,67,27,27,24,42.85714286,4,3,1,1,3,3,2,33.33333333,22.22222222,40.27777778,5,1,3
193,73,1,4,2,2,28,45,38,25,0,17,34,26.71428571,5,2,1,1,3,3,1,33.33333333,22.22222222,26.15277778,5,2,3
194,39,1,7,3,2,0,13,8,8,1,10,17,8.142857143,5,2,2,3,2,2,3,56.66666667,61.11111111,14.76388889,5,1,4
195,43,1,8,4,2,15,20,70,78,10,71,19,40.42857143,6,3,2,2,2,3,2,43.33333333,38.88888889,40.23611111,5,1,3
196,29,2,8,4,1,77,100,23,51,0,72,76,57,5,1,2,2,1,1,2,60,66.66666667,58.20833333,5,2,3
197,46,1,7,2,2,53,60,44,43,34,24,26,40.57142857,5,3,2,1,3,3,2,36.66666667,27.77777778,38.97222222,5,1,3
198,69,1,2,3,2,100,67,74,78,1,0,2,46,4,4,1,1,4,4,1,20,0,40.25,5,2,4
199,23,2,3,3,1,77,100,33,34,100,66,59,67,4,2,2,3,4,3,2,43.33333333,38.88888889,63.48611111,0,1,1
200,50,2,3,2,1,100,100,100,0,0,84,20,57.71428571,4,1,4,4,1,1,4,80,100,63,5,2,3
201,51,2,7,1,1,37,58,94,80,11,40,96,59.42857143,4,3,2,3,2,2,4,56.66666667,61.11111111,59.63888889,5,2,2
202,64,2,2,3,1,100,78,100,100,100,82,71,90.14285714,5,2,4,3,2,2,3,63.33333333,72.22222222,87.90277778,5,2,3
203,26,2,3,1,1,59,79,45,62,37,64,55,57.28571429,3,3,1,1,2,3,1,33.33333333,22.22222222,52.90277778,5,2,1
204,65,2,2,1,2,1,5,100,0,0,0,100,29.42857143,5,4,1,1,4,4,2,23.33333333,5.555555556,26.44444444,5,2,3
205,54,2,2,1,2,100,99,100,100,0,100,7,72.28571429,5,1,4,4,1,1,4,80,100,75.75,2,1,2
206,74,2,2,3,1,36,73,33,91,30,87,65,59.28571429,5,2,1,3,2,2,4,56.66666667,61.11111111,59.51388889,5,2,3
207,68,2,2,4,2,0,4,0,0,0,0,0,0.571428571,4,4,1,1,4,4,1,20,0,0.5,5,2,4
208,32,1,3,1,1,17,100,0,39,0,35,0,27.28571429,6,2,3,3,1,1,3,66.66666667,77.77777778,33.59722222,5,2,3
209,53,1,5,3,1,56,82,24,24,0,0,60,35.14285714,4,4,1,1,4,3,2,26.66666667,11.11111111,32.13888889,5,2,4
210,32,1,6,4,1,15,39,3,0,0,0,0,8.142857143,3,3,1,1,3,4,1,26.66666667,11.11111111,8.513888889,5,1,3
211,67,1,7,1,1,85,92,62,27,85,32,83,66.57142857,5,2,2,1,1,1,2,53.33333333,55.55555556,65.19444444,5,1,3
212,72,1,3,2,2,0,18,0,0,0,0,0,2.571428571,4,4,1,1,4,3,1,23.33333333,5.555555556,2.944444444,5,2,3
213,60,1,4,1,2,64,100,59,58,28,58,56,60.42857143,4,3,1,1,3,3,3,36.66666667,27.77777778,56.34722222,5,2,3
214,21,2,3,3,1,66,84,10,78,38,25,41,48.85714286,4,2,1,1,4,2,1,33.33333333,22.22222222,45.52777778,1,2,1
215,38,1,6,2,1,75,100,0,18,0,6,64,37.57142857,5,3,2,1,3,3,2,36.66666667,27.77777778,36.34722222,5,2,2
216,33,2,3,1,1,66,90,67,76,37,56,69,65.85714286,4,2,3,3,2,2,4,63.33333333,72.22222222,66.65277778,5,1,2
217,26,2,5,3,2,58,78,69,100,100,98,54,79.57142857,4,1,2,2,1,1,2,60,66.66666667,77.95833333,0,2,3
218,50,2,5,1,2,37,100,51,100,51,51,51,63,4,2,2,2,2,3,4,53.33333333,55.55555556,62.06944444,5,2,1
219,26,2,4,4,1,27,77,3,29,11,12,13,24.57142857,4,4,1,1,4,4,1,20,0,21.5,5,2,3
220,49,2,7,3,1,27,43,11,41,42,46,38,35.42857143,4,4,1,1,4,4,2,23.33333333,5.555555556,31.69444444,5,1,4
221,56,2,6,1,1,87,87,74,73,28,69,81,71.28571429,3,2,3,3,2,2,3,60,66.66666667,70.70833333,5,1,3
222,27,2,4,1,1,65,86,24,65,50,72,52,59.14285714,4,3,1,1,3,3,2,33.33333333,22.22222222,54.52777778,5,1,1
223,21,2,5,1,1,69,90,66,30,26,66,0,49.57142857,3,1,3,2,1,1,3,66.66666667,77.77777778,53.09722222,5,2,2
224,53,1,8,2,2,89,98,75,61,2,87,0,58.85714286,5,2,3,2,2,3,3,53.33333333,55.55555556,58.44444444,5,2,3
225,60,2,8,4,1,77,100,8,15,8,3,29,34.28571429,5,4,1,1,4,4,2,23.33333333,5.555555556,30.69444444,5,2,3
226,37,1,3,3,1,57,85,22,70,34,72,20,51.42857143,4,2,3,3,2,2,3,60,66.66666667,53.33333333,5,1,3
227,39,2,6,3,2,69,100,87,0,60,72,62,64.28571429,3,2,1,1,2,1,3,50,50,62.5,5,1,3
228,59,2,2,3,1,86,90,0,70,28,68,0,48.85714286,5,2,1,1,2,1,2,46.66666667,44.44444444,48.30555556,5,2,3
229,37,1,8,3,2,20,88,91,100,21,30,69,59.85714286,4,4,2,2,2,1,2,46.66666667,44.44444444,57.93055556,5,1,3
230,32,1,4,4,1,80,93,64,45,2,84,10,54,4,3,4,2,2,3,3,53.33333333,55.55555556,54.19444444,1,2,3
231,34,2,6,3,1,81,100,86,100,70,92,66,85,4,1,4,3,1,1,3,73.33333333,88.88888889,85.48611111,0,2,3
232,23,1,7,2,1,80,66,22,31,35,40,25,42.71428571,5,3,3,3,3,3,3,50,50,43.625,2,2,3
233,60,2,7,2,1,51,51,51,52,11,51,51,45.42857143,4,2,2,2,2,2,2,50,50,46,5,2,3
234,45,1,2,1,2,75,75,85,100,98,99,100,90.28571429,6,3,3,4,3,3,4,56.66666667,61.11111111,86.63888889,5,1,1
235,67,1,4,1,2,18,32,5,4,0,1,1,8.714285714,3,4,1,1,4,4,1,20,0,7.625,5,2,3
236,46,1,4,3,1,93,95,100,26,86,45,93,76.85714286,5,2,3,1,2,2,2,50,50,73.5,2,1,3
237,37,2,4,4,2,100,100,80,81,0,79,0,62.85714286,2,3,2,1,3,3,4,43.33333333,38.88888889,59.86111111,5,2,2
238,34,1,7,4,1,51,62,31,56,28,13,24,37.85714286,3,3,1,1,2,2,2,40,33.33333333,37.29166667,1,2,3
239,38,1,1,4,1,82,81,72,87,54,55,0,61.57142857,3,2,3,3,2,2,3,60,66.66666667,62.20833333,0,2,1
240,51,1,7,4,1,85,100,63,100,34,64,39,69.28571429,4,1,4,3,1,1,4,76.66666667,94.44444444,72.43055556,5,2,3
241,58,2,5,4,1,19,71,37,76,64,64,62,56.14285714,5,2,1,1,2,2,1,40,33.33333333,53.29166667,2,2,3
242,60,1,1,1,2,32,56,43,8,10,3,59,30.14285714,4,4,1,1,4,4,1,20,0,26.375,5,2,2
243,34,1,8,3,1,78,100,32,63,76,59,38,63.71428571,5,2,3,3,2,1,4,66.66666667,77.77777778,65.47222222,3,2,3
244,39,1,2,3,1,63,95,43,65,13,79,17,53.57142857,5,1,4,3,1,1,4,76.66666667,94.44444444,58.68055556,5,2,3
245,53,2,8,2,2,79,80,19,76,19,60,7,48.57142857,4,2,2,2,2,3,2,46.66666667,44.44444444,48.05555556,0,1,3
246,60,1,4,3,1,70,100,23,99,24,98,34,64,5,3,1,2,3,3,2,36.66666667,27.77777778,59.47222222,5,2,1
247,42,1,7,3,1,73,84,86,91,7,64,88,70.42857143,5,4,1,1,3,4,1,23.33333333,5.555555556,62.31944444,5,2,2
248,67,2,1,1,1,76,100,75,49,0,51,71,60.28571429,5,1,4,4,1,2,4,76.66666667,94.44444444,64.55555556,5,2,3
249,24,2,5,1,1,24,26,25,20,10,13,0,16.85714286,3,2,1,1,2,2,1,40,33.33333333,18.91666667,5,2,3
250,23,1,8,3,1,68,96,62,54,24,63,63,61.42857143,4,3,2,2,3,3,2,40,33.33333333,57.91666667,4,2,3
251,64,1,7,3,2,21,19,72,87,67,27,73,52.28571429,4,2,2,3,2,2,3,56.66666667,61.11111111,53.38888889,5,2,3
252,31,1,6,1,1,27,67,70,76,24,24,56,49.14285714,5,4,1,1,4,2,2,30,16.66666667,45.08333333,5,1,3
253,40,2,4,2,2,90,100,85,10,0,21,1,43.85714286,5,2,3,1,2,2,3,53.33333333,55.55555556,45.31944444,5,1,3
254,68,1,2,2,1,73,88,4,0,11,0,54,32.85714286,5,4,1,1,4,3,2,26.66666667,11.11111111,30.13888889,5,2,3
255,59,1,5,3,1,58,57,28,91,20,37,69,51.42857143,5,3,1,1,3,3,2,33.33333333,22.22222222,47.77777778,5,2,1
256,66,2,7,4,1,59,59,7,81,3,3,2,30.57142857,4,4,1,1,4,4,2,23.33333333,5.555555556,27.44444444,5,2,3
257,53,2,4,3,1,81,82,36,36,61,65,69,61.42857143,5,1,4,3,1,1,4,76.66666667,94.44444444,65.55555556,5,1,3
258,29,1,5,3,2,75,97,94,41,83,64,97,78.71428571,5,4,2,1,3,4,2,30,16.66666667,70.95833333,5,2,4
259,62,1,6,1,2,10,18,57,7,0,8,27,18.14285714,4,4,1,1,4,4,1,20,0,15.875,3,2,3
260,58,1,5,1,2,56,78,73,66,3,14,37,46.71428571,5,2,1,1,3,4,2,33.33333333,22.22222222,43.65277778,5,2,3
261,19,1,6,1,2,57,56,42,51,68,55,44,53.28571429,4,2,3,3,2,3,4,60,66.66666667,54.95833333,5,2,3
262,28,1,4,3,1,82,100,57,100,91,7,43,68.57142857,6,2,3,3,2,2,4,63.33333333,72.22222222,69.02777778,5,2,2
263,31,2,6,3,1,77,100,72,57,100,45,72,74.71428571,4,1,4,3,1,2,4,73.33333333,88.88888889,76.48611111,5,1,3
264,53,1,1,3,1,35,35,0,55,7,4,0,19.42857143,5,2,1,1,2,2,1,40,33.33333333,21.16666667,5,2,3
265,58,2,5,1,2,57,58,63,70,0,55,100,57.57142857,4,3,1,1,3,3,2,33.33333333,22.22222222,53.15277778,5,1,4
266,58,2,3,3,1,94,94,90,6,4,7,83,54,2,3,2,1,3,3,2,36.66666667,27.77777778,50.72222222,2,2,3
267,67,2,2,3,2,22,0,0,23,0,0,0,6.428571429,6,4,1,1,4,2,2,30,16.66666667,7.708333333,5,2,4
268,26,2,6,1,1,78,100,1,78,25,97,28,58.14285714,5,1,3,3,1,1,4,73.33333333,88.88888889,61.98611111,5,2,3
269,19,2,8,1,1,73,37,0,38,0,6,0,22,4,3,2,1,4,3,1,30,16.66666667,21.33333333,1,2,3
270,29,1,5,1,1,27,83,59,53,1,63,64,50,4,2,1,3,1,2,2,53.33333333,55.55555556,50.69444444,5,2,3
271,55,2,2,3,1,100,100,22,100,93,91,8,73.42857143,6,3,3,3,1,1,4,66.66666667,77.77777778,73.97222222,4,1,1
272,63,1,8,4,2,76,100,16,34,37,10,38,44.42857143,4,4,1,1,4,4,2,23.33333333,5.555555556,39.56944444,5,1,3
273,66,1,4,3,2,67,70,73,84,40,34,62,61.42857143,5,3,2,2,3,4,2,36.66666667,27.77777778,57.22222222,5,1,3
274,60,2,2,1,1,90,90,67,84,22,54,55,66,5,2,2,1,2,2,2,46.66666667,44.44444444,63.30555556,5,2,2
275,34,1,7,4,1,40,69,31,64,32,23,13,38.85714286,4,4,2,1,3,3,2,33.33333333,22.22222222,36.77777778,5,1,3
276,44,1,4,1,1,63,100,63,0,75,3,62,52.28571429,5,4,1,1,4,3,2,26.66666667,11.11111111,47.13888889,5,1,3
277,42,1,4,3,1,79,100,60,65,26,58,24,58.85714286,5,3,2,2,3,3,3,43.33333333,38.88888889,56.36111111,0,1,1
278,42,2,8,4,1,24,65,16,22,0,18,19,23.42857143,5,2,3,1,2,3,3,50,50,26.75,5,2,4
279,61,2,8,3,2,23,36,19,62,0,17,19,25.14285714,5,3,1,1,4,4,1,23.33333333,5.555555556,22.69444444,5,2,3
280,76,1,7,4,2,79,81,80,14,66,83,63,66.57142857,5,3,2,2,3,2,3,46.66666667,44.44444444,63.80555556,5,2,4
281,46,2,8,3,2,83,86,62,78,72,34,79,70.57142857,5,3,1,1,3,3,1,30,16.66666667,63.83333333,5,1,4
282,41,2,8,4,1,100,100,71,100,0,71,0,63.14285714,6,3,1,1,2,2,4,46.66666667,44.44444444,60.80555556,2,1,3
283,45,2,6,3,2,65,89,43,73,82,29,39,60,5,2,3,3,2,2,3,60,66.66666667,60.83333333,2,1,3
284,70,2,6,3,1,39,54,0,0,14,14,0,17.28571429,5,4,1,1,4,4,1,20,0,15.125,5,2,3
285,36,1,8,1,2,32,82,21,38,15,72,6,38,6,2,2,1,1,1,2,53.33333333,55.55555556,40.19444444,5,2,4
286,55,1,3,1,1,55,100,24,100,0,0,1,40,2,4,2,2,4,3,1,30,16.66666667,37.08333333,3,2,4
287,69,1,1,4,2,92,94,99,97,20,4,73,68.42857143,5,2,3,4,1,1,4,73.33333333,88.88888889,70.98611111,5,2,3
288,58,1,6,4,2,24,22,20,1,74,7,22,24.28571429,4,3,1,1,3,3,1,30,16.66666667,23.33333333,5,2,4
289,51,1,8,3,1,78,85,80,97,55,13,78,69.42857143,5,3,2,2,3,3,3,43.33333333,38.88888889,65.61111111,5,2,2
290,67,1,3,1,2,71,74,100,100,0,51,75,67.28571429,5,2,3,3,2,1,3,63.33333333,72.22222222,67.90277778,5,2,3
291,40,2,8,3,1,59,86,64,26,13,65,71,54.85714286,5,4,1,1,4,4,2,23.33333333,5.555555556,48.69444444,5,1,4
292,46,2,8,3,2,61,64,61,77,20,58,69,58.57142857,5,2,1,2,3,2,2,43.33333333,38.88888889,56.11111111,1,1,3
293,28,2,4,1,1,69,100,69,68,12,74,74,66.57142857,5,2,1,1,2,2,2,43.33333333,38.88888889,63.11111111,5,1,3
294,35,2,4,2,1,87,98,71,100,12,27,98,70.42857143,4,1,2,4,1,1,4,73.33333333,88.88888889,72.73611111,5,2,1
295,65,2,3,1,2,45,75,0,0,0,0,64,26.28571429,4,4,2,1,3,3,2,33.33333333,22.22222222,25.77777778,5,2,3
296,57,2,5,1,2,88,98,100,100,0,98,100,83.42857143,5,1,4,4,1,1,4,80,100,85.5,5,2,3
297,41,1,4,1,2,64,100,0,0,0,60,0,32,4,4,1,1,4,4,2,23.33333333,5.555555556,28.69444444,5,1,1
298,66,2,4,1,1,100,100,28,84,81,15,75,69,5,3,1,1,3,3,3,36.66666667,27.77777778,63.84722222,5,2,3
299,41,1,5,1,2,28,88,83,100,69,90,88,78,4,3,1,1,3,3,1,30,16.66666667,70.33333333,5,1,2
300,48,1,3,2,1,44,58,77,86,9,55,83,58.85714286,4,4,2,1,3,3,1,30,16.66666667,53.58333333,5,1,3
301,28,1,3,2,1,64,73,18,6,0,0,0,23,4,3,2,4,2,1,3,60,66.66666667,28.45833333,3,2,2
302,51,2,6,4,1,61,61,22,79,0,52,53,46.85714286,4,2,2,1,2,2,1,43.33333333,38.88888889,45.86111111,5,2,3
303,38,1,7,3,1,86,84,80,100,39,68,31,69.71428571,3,4,4,4,4,4,2,43.33333333,38.88888889,65.86111111,5,2,4
304,53,1,5,3,2,100,100,100,100,18,9,10,62.42857143,4,4,1,1,4,4,1,20,0,54.625,5,1,3
305,36,2,8,4,1,75,89,51,40,27,62,76,60,4,4,2,1,2,3,4,43.33333333,38.88888889,57.36111111,5,1,3
306,49,1,8,1,2,17,29,10,15,0,13,12,13.71428571,2,3,1,1,3,3,1,30,16.66666667,14.08333333,5,1,4
307,63,2,2,1,2,0,0,28,20,12,0,0,8.571428571,4,4,1,1,4,3,1,23.33333333,5.555555556,8.194444444,5,2,1
308,25,1,5,2,2,3,0,0,0,0,0,0,0.428571429,4,4,1,1,4,4,1,20,0,0.375,0,2,4
309,25,1,2,2,2,30,36,47,75,11,7,86,41.71428571,4,2,1,1,2,2,2,43.33333333,38.88888889,41.36111111,5,2,3
310,23,1,1,1,1,75,100,71,100,0,80,0,60.85714286,4,2,4,3,2,1,3,66.66666667,77.77777778,62.97222222,0,2,3
311,50,1,8,3,2,58,60,61,8,0,24,40,35.85714286,3,2,3,1,2,2,3,53.33333333,55.55555556,38.31944444,5,1,3
312,44,2,3,1,1,55,81,97,100,2,36,2,53.28571429,4,3,1,1,4,2,2,33.33333333,22.22222222,49.40277778,5,1,3
313,49,1,6,3,2,5,35,0,84,0,0,3,18.14285714,5,3,2,1,3,2,3,43.33333333,38.88888889,20.73611111,5,1,1
314,77,1,5,1,2,39,51,58,6,37,10,55,36.57142857,4,4,1,1,4,3,1,23.33333333,5.555555556,32.69444444,5,2,3
315,54,2,4,3,1,72,100,57,63,81,82,82,76.71428571,6,3,2,1,2,3,2,40,33.33333333,71.29166667,5,2,4
316,30,2,7,4,1,51,88,72,100,0,11,87,58.42857143,5,2,2,2,2,2,3,53.33333333,55.55555556,58.06944444,5,2,1
317,38,1,5,2,1,82,100,0,69,0,0,0,35.85714286,5,2,2,1,3,2,2,43.33333333,38.88888889,36.23611111,5,1,4
318,62,2,1,3,2,100,100,85,100,71,100,55,87.28571429,5,1,4,4,1,1,4,80,100,88.875,4,2,1
319,31,2,7,4,1,66,97,77,7,34,22,57,51.42857143,5,2,2,1,2,2,3,50,50,51.25,5,1,3
320,59,2,1,4,1,98,98,67,91,29,86,23,70.28571429,4,1,3,3,1,1,4,73.33333333,88.88888889,72.61111111,5,2,1
321,51,2,2,3,1,100,100,75,51,89,100,4,74.14285714,6,3,3,3,2,2,4,60,66.66666667,73.20833333,0,1,3
322,46,2,4,2,1,0,0,100,100,0,79,49,46.85714286,4,2,3,4,2,2,4,66.66666667,77.77777778,50.72222222,5,1,2
323,26,2,4,4,1,77,92,75,98,25,74,92,76.14285714,6,1,4,3,1,2,4,73.33333333,88.88888889,77.73611111,5,2,3
324,24,2,2,4,1,63,82,58,59,73,48,45,61.14285714,5,2,3,2,2,1,3,60,66.66666667,61.83333333,5,2,3
325,26,1,5,1,1,73,74,0,3,0,0,0,21.42857143,5,4,2,2,4,4,2,30,16.66666667,20.83333333,5,2,1
326,64,1,7,4,2,7,7,1,16,0,2,9,6,4,4,1,1,4,3,1,23.33333333,5.555555556,5.944444444,5,2,3
327,22,1,1,1,1,18,24,7,42,11,35,100,33.85714286,2,2,4,1,4,2,4,53.33333333,55.55555556,36.56944444,0,2,3
328,34,2,4,1,1,20,15,23,2,4,3,27,13.42857143,5,4,1,1,3,2,1,30,16.66666667,13.83333333,5,2,2
329,28,2,2,1,2,14,31,35,72,0,70,74,42.28571429,3,4,1,1,4,4,1,20,0,37,3,1,3
330,58,1,7,3,2,15,14,72,28,24,9,65,32.42857143,5,4,1,1,4,4,1,20,0,28.375,5,1,3
331,66,2,2,3,1,93,60,30,18,0,63,73,48.14285714,5,3,1,1,3,2,2,36.66666667,27.77777778,45.59722222,5,2,3
332,59,1,4,1,2,83,84,56,100,51,52,58,69.14285714,5,2,3,3,2,1,3,63.33333333,72.22222222,69.52777778,5,1,1
333,31,2,6,4,1,33,51,21,45,11,54,5,31.42857143,5,3,2,2,3,3,2,40,33.33333333,31.66666667,5,1,2
334,37,2,1,1,1,100,100,0,100,0,100,0,57.14285714,4,4,1,1,4,4,1,20,0,50,5,2,3
335,30,2,6,3,2,11,70,18,0,9,7,7,17.42857143,4,3,2,1,3,4,2,33.33333333,22.22222222,18.02777778,5,1,4
336,36,1,5,4,2,68,94,24,84,20,30,30,50,2,1,2,2,1,2,2,56.66666667,61.11111111,51.38888889,5,1,4
337,35,2,5,4,1,75,83,52,53,32,69,40,57.71428571,5,2,3,2,2,2,2,53.33333333,55.55555556,57.44444444,5,1,1
338,40,1,7,2,1,0,0,0,1,0,0,0,0.142857143,4,4,1,1,4,4,1,20,0,0.125,5,2,2
339,29,2,4,2,1,73,100,74,100,12,97,24,68.57142857,4,2,1,1,2,2,3,46.66666667,44.44444444,65.55555556,5,1,2
340,54,2,1,1,2,86,94,57,49,7,23,36,50.28571429,4,3,1,1,3,2,2,36.66666667,27.77777778,47.47222222,5,2,1
341,48,1,5,2,2,60,93,77,91,25,66,19,61.57142857,4,1,2,3,1,1,3,66.66666667,77.77777778,63.59722222,5,1,3
342,36,2,6,3,1,71,85,31,50,9,46,49,48.71428571,5,2,2,1,2,2,2,46.66666667,44.44444444,48.18055556,0,1,3
343,60,1,1,4,1,89,89,29,85,36,71,60,65.57142857,5,3,1,2,3,1,2,43.33333333,38.88888889,62.23611111,5,2,1
344,48,2,2,3,2,23,98,98,97,41,61,57,67.85714286,4,2,3,2,1,1,3,63.33333333,72.22222222,68.40277778,5,2,1
345,21,1,1,1,1,36,26,36,84,41,39,35,42.42857143,5,1,4,4,1,1,3,76.66666667,94.44444444,48.93055556,5,2,1
346,50,1,3,1,1,33,37,88,63,56,8,100,55,5,3,2,1,2,2,2,43.33333333,38.88888889,52.98611111,5,2,1
347,38,1,6,3,1,75,76,79,74,81,66,72,74.71428571,4,2,4,4,2,1,4,73.33333333,88.88888889,76.48611111,1,2,3
348,58,1,4,2,2,86,61,16,100,0,9,61,47.57142857,4,2,1,2,3,1,2,46.66666667,44.44444444,47.18055556,5,2,4
349,69,1,2,3,2,16,30,54,57,0,70,69,42.28571429,4,2,1,2,2,1,3,53.33333333,55.55555556,43.94444444,5,2,3
350,27,2,4,1,1,56,86,99,38,92,39,59,67,4,3,2,2,2,3,3,46.66666667,44.44444444,64.18055556,5,1,2
351,83,1,5,4,2,63,63,7,84,10,65,11,43.28571429,5,4,1,1,4,4,2,23.33333333,5.555555556,38.56944444,5,2,4
352,49,2,4,3,2,73,73,51,51,39,58,50,56.42857143,4,2,2,1,2,2,3,50,50,55.625,4,2,2
353,22,1,8,1,1,57,82,100,100,88,100,87,87.71428571,5,2,2,2,3,2,2,46.66666667,44.44444444,82.30555556,3,1,3
354,52,2,2,1,1,99,100,22,64,2,77,58,60.28571429,5,1,4,4,1,1,4,80,100,65.25,5,2,1
355,64,1,8,4,1,64,97,17,44,0,10,28,37.14285714,4,2,1,2,1,1,3,56.66666667,61.11111111,40.13888889,5,2,2
356,42,2,4,2,1,57,73,59,95,0,69,58,58.71428571,5,2,2,1,2,1,2,50,50,57.625,5,1,1
357,47,2,1,1,1,70,100,3,33,0,29,10,35,4,2,2,1,3,3,3,43.33333333,38.88888889,35.48611111,5,2,3
358,21,2,4,1,2,54,73,73,61,63,15,86,60.71428571,3,2,2,2,2,1,2,53.33333333,55.55555556,60.06944444,5,1,3
359,53,1,8,3,2,100,100,83,100,24,80,70,79.57142857,6,1,4,4,1,1,4,80,100,82.125,5,2,3
360,53,1,7,2,1,51,79,31,92,56,74,75,65.42857143,4,3,2,1,2,2,2,43.33333333,38.88888889,62.11111111,5,1,4
361,24,1,5,3,1,55,87,60,44,25,55,44,52.85714286,4,3,1,1,3,2,1,33.33333333,22.22222222,49.02777778,1,2,3
362,43,1,1,3,1,34,97,63,63,31,57,39,54.85714286,4,3,1,1,3,3,2,33.33333333,22.22222222,50.77777778,3,2,2
363,37,1,6,2,2,69,68,51,71,33,43,27,51.71428571,5,3,2,1,2,4,1,33.33333333,22.22222222,48.02777778,5,1,3
364,50,2,6,1,1,21,46,51,83,1,3,40,35,3,3,1,1,2,2,2,40,33.33333333,34.79166667,5,2,4
365,61,2,1,1,1,24,86,86,72,0,77,69,59.14285714,3,1,4,3,1,1,4,76.66666667,94.44444444,63.55555556,4,2,3
366,50,2,8,2,1,81,100,26,85,61,85,0,62.57142857,4,2,2,1,3,1,2,46.66666667,44.44444444,60.30555556,5,1,3
367,53,2,6,3,1,88,98,81,81,96,83,73,85.71428571,5,3,2,1,3,3,3,40,33.33333333,79.16666667,5,2,3
368,74,1,2,1,1,60,63,65,53,39,59,58,56.71428571,4,2,3,3,2,2,3,60,66.66666667,57.95833333,5,2,2
369,52,2,2,4,2,18,77,100,100,0,21,22,48.28571429,5,2,2,2,3,2,3,50,50,48.5,5,2,4
370,57,2,8,3,1,78,100,80,33,0,63,63,59.57142857,4,3,1,1,3,3,1,30,16.66666667,54.20833333,5,2,3
371,40,1,2,1,1,55,88,14,49,0,30,0,33.71428571,4,3,1,1,3,3,1,30,16.66666667,31.58333333,5,2,1
372,49,1,1,3,2,0,9,0,0,0,0,0,1.285714286,2,4,1,1,4,4,1,20,0,1.125,5,2,1
373,19,1,2,1,1,57,99,66,80,0,0,71,53.28571429,2,2,3,2,1,2,2,56.66666667,61.11111111,54.26388889,5,2,1
374,25,2,7,3,1,57,61,59,33,56,65,67,56.85714286,4,3,2,1,2,2,2,43.33333333,38.88888889,54.61111111,5,2,3
375,41,1,8,4,1,100,100,100,94,7,5,0,58,5,2,4,4,2,2,4,70,83.33333333,61.16666667,5,1,3
376,34,2,6,3,1,50,100,0,25,0,15,38,32.57142857,6,4,2,1,3,4,1,26.66666667,11.11111111,29.88888889,5,1,2
377,37,1,6,1,2,79,100,55,100,55,9,43,63,4,4,1,2,3,2,1,33.33333333,22.22222222,57.90277778,5,1,1
378,33,1,8,4,1,19,79,29,0,0,70,64,37.28571429,5,4,2,1,4,3,2,30,16.66666667,34.70833333,5,2,4
379,23,1,8,1,1,64,75,0,47,0,0,0,26.57142857,6,3,2,1,2,1,2,46.66666667,44.44444444,28.80555556,2,2,4
380,49,1,8,4,1,64,61,2,2,0,16,12,22.42857143,4,3,1,1,3,3,2,33.33333333,22.22222222,22.40277778,5,1,3
381,64,1,1,1,1,71,0,6,0,74,0,58,29.85714286,4,3,1,2,2,1,2,46.66666667,44.44444444,31.68055556,5,2,3
382,23,2,4,1,1,56,96,9,42,3,51,27,40.57142857,4,2,3,1,2,2,3,53.33333333,55.55555556,42.44444444,5,2,3
383,40,2,5,4,2,75,95,58,78,36,42,35,59.85714286,4,2,3,3,2,2,4,63.33333333,72.22222222,61.40277778,5,1,1
384,29,1,8,2,1,43,57,54,47,60,58,36,50.71428571,4,2,2,2,2,2,2,50,50,50.625,0,2,2
385,58,1,3,3,1,43,66,12,26,25,11,30,30.42857143,4,3,1,1,3,3,1,30,16.66666667,28.70833333,5,2,1
386,20,2,8,1,1,55,78,80,30,15,40,66,52,4,2,3,1,1,1,3,60,66.66666667,53.83333333,5,2,3
387,31,1,7,4,1,39,92,79,60,9,64,80,60.42857143,5,3,2,1,2,2,2,43.33333333,38.88888889,57.73611111,5,1,2
388,65,2,6,3,1,58,88,42,51,27,32,34,47.42857143,4,4,1,1,4,4,1,20,0,41.5,5,2,3
389,57,1,3,1,2,88,91,81,88,17,74,84,74.71428571,5,3,2,2,3,3,3,43.33333333,38.88888889,70.23611111,0,2,3
390,24,2,2,3,1,21,63,40,100,65,27,66,54.57142857,4,3,2,1,3,2,1,36.66666667,27.77777778,51.22222222,5,2,4
391,32,1,3,3,1,79,59,47,66,59,66,90,66.57142857,4,3,1,2,3,3,2,36.66666667,27.77777778,61.72222222,5,2,3
392,63,1,2,4,2,27,81,40,21,36,21,64,41.42857143,4,4,1,1,3,4,1,23.33333333,5.555555556,36.94444444,5,2,2
393,65,1,5,3,2,15,31,0,18,0,17,0,11.57142857,4,4,1,1,4,4,1,20,0,10.125,2,2,4
394,61,1,8,4,2,42,42,39,64,33,35,35,41.42857143,4,2,2,1,2,2,1,43.33333333,38.88888889,41.11111111,5,2,4
395,39,1,8,3,1,22,51,73,75,51,62,51,55,5,2,2,1,2,2,3,50,50,54.375,5,1,4
396,62,2,8,4,2,100,100,86,100,10,100,100,85.14285714,6,2,2,3,2,2,3,56.66666667,61.11111111,82.13888889,5,2,2
397,60,1,2,1,2,28,70,31,6,0,6,84,32.14285714,4,4,1,1,4,4,1,20,0,28.125,5,2,3
398,46,2,5,3,1,61,51,55,29,90,10,89,55,5,2,3,2,2,2,3,56.66666667,61.11111111,55.76388889,5,1,3
399,48,1,7,4,1,58,60,63,64,70,62,71,64,4,3,2,2,3,3,2,40,33.33333333,60.16666667,5,2,2
400,59,1,4,2,2,74,72,6,73,59,69,74,61,4,3,1,1,3,2,1,33.33333333,22.22222222,56.15277778,1,2,3
401,58,2,1,1,2,100,99,79,59,22,90,28,68.14285714,6,2,3,1,2,2,4,56.66666667,61.11111111,67.26388889,5,1,3
402,36,1,2,1,1,99,51,100,100,73,99,99,88.71428571,6,3,2,4,4,2,4,53.33333333,55.55555556,84.56944444,5,2,3
403,30,2,4,3,1,70,100,51,100,0,21,0,48.85714286,4,2,1,1,3,3,1,33.33333333,22.22222222,45.52777778,5,2,2
404,35,1,8,1,1,17,84,0,0,0,26,0,18.14285714,4,4,2,1,4,4,1,23.33333333,5.555555556,16.56944444,5,2,3
405,51,2,3,4,1,79,77,1,67,15,51,26,45.14285714,2,3,2,2,3,3,2,40,33.33333333,43.66666667,5,1,3
406,51,2,2,3,1,73,94,17,70,12,66,60,56,4,2,2,1,2,2,3,50,50,55.25,5,1,3
407,20,1,7,1,1,80,91,64,66,15,81,43,62.85714286,4,4,1,1,4,3,1,23.33333333,5.555555556,55.69444444,1,2,2
408,64,1,2,1,1,42,100,0,70,18,17,19,38,4,2,3,1,2,2,2,50,50,39.5,5,2,2
409,48,2,3,1,2,13,39,8,72,27,18,13,27.14285714,5,4,2,1,3,3,2,33.33333333,22.22222222,26.52777778,5,1,3
410,59,2,8,3,2,28,79,8,9,0,24,0,21.14285714,5,4,1,1,3,4,1,23.33333333,5.555555556,19.19444444,5,2,4
411,42,2,2,3,1,100,100,32,100,0,100,0,61.71428571,5,2,1,1,2,2,4,50,50,60.25,5,1,1
412,28,1,8,3,2,6,33,17,70,0,0,19,20.71428571,4,3,1,1,3,3,1,30,16.66666667,20.20833333,5,2,3
413,25,1,3,3,2,81,100,51,67,27,28,0,50.57142857,4,3,1,1,3,3,1,30,16.66666667,46.33333333,5,2,3
414,64,1,2,3,1,37,61,42,65,25,31,63,46.28571429,4,2,2,1,2,2,3,50,50,46.75,3,2,1
415,24,1,1,3,1,77,94,61,67,89,34,31,64.71428571,2,1,3,2,1,2,3,63.33333333,72.22222222,65.65277778,3,2,2
416,50,2,3,1,1,35,33,33,99,12,70,0,40.28571429,4,2,2,1,2,2,3,50,50,41.5,5,2,3
417,39,2,1,1,1,67,68,23,45,34,47,8,41.71428571,5,2,2,2,1,1,2,56.66666667,61.11111111,44.13888889,2,2,3
418,43,1,6,4,2,46,53,96,85,77,89,92,76.85714286,5,3,3,3,2,2,3,56.66666667,61.11111111,74.88888889,5,2,3
419,23,2,1,1,1,100,100,0,6,11,59,3,39.85714286,4,3,2,1,3,3,2,36.66666667,27.77777778,38.34722222,5,2,3
420,26,2,1,1,1,92,95,5,97,6,80,0,53.57142857,5,4,2,1,3,3,2,33.33333333,22.22222222,49.65277778,2,1,3
421,51,1,6,3,2,0,1,2,0,1,1,1,0.857142857,4,4,1,1,4,4,1,20,0,0.75,5,2,3
422,39,1,8,4,1,75,100,73,83,71,26,67,70.71428571,5,2,3,2,3,3,3,50,50,68.125,5,1,3
423,69,2,4,2,2,0,19,16,0,19,0,22,10.85714286,5,4,1,1,4,3,2,26.66666667,11.11111111,10.88888889,5,2,4
424,33,2,3,1,1,100,98,89,100,36,43,58,74.85714286,6,2,2,3,2,2,3,56.66666667,61.11111111,73.13888889,2,1,3
425,45,1,8,2,1,9,67,72,5,0,0,72,32.14285714,5,4,1,1,3,3,1,26.66666667,11.11111111,29.51388889,3,1,3
426,69,2,5,4,2,5,48,28,0,31,15,63,27.14285714,4,4,1,1,3,3,2,30,16.66666667,25.83333333,5,2,3
427,53,2,2,2,2,18,39,68,0,8,6,65,29.14285714,3,4,1,1,3,2,1,30,16.66666667,27.58333333,3,2,3
428,32,2,7,1,2,29,79,14,14,65,57,41,42.71428571,2,3,2,1,3,2,2,40,33.33333333,41.54166667,0,1,3
429,38,2,5,3,2,100,100,61,64,8,95,53,68.71428571,6,3,2,1,2,3,2,40,33.33333333,64.29166667,5,2,1
430,27,2,2,3,1,83,92,65,88,24,72,55,68.42857143,4,3,2,1,2,3,2,40,33.33333333,64.04166667,2,2,1
431,73,1,4,3,2,63,64,6,0,0,0,0,19,5,4,1,1,4,4,1,20,0,16.625,5,2,4
432,55,2,4,2,1,3,13,0,25,0,0,0,5.857142857,4,3,1,1,3,3,1,30,16.66666667,7.208333333,2,2,3
433,38,2,8,4,1,29,79,0,71,0,32,0,30.14285714,4,3,2,1,3,1,2,43.33333333,38.88888889,31.23611111,5,2,1
434,60,2,2,2,2,90,89,92,88,91,90,65,86.42857143,6,2,3,2,2,2,4,60,66.66666667,83.95833333,5,2,3
435,56,1,8,3,1,82,79,14,82,90,91,8,63.71428571,5,2,3,3,2,2,4,63.33333333,72.22222222,64.77777778,5,1,3
436,69,1,4,3,1,64,65,0,8,0,11,0,21.14285714,6,3,2,1,3,3,1,33.33333333,22.22222222,21.27777778,5,2,3
437,70,2,3,4,1,66,75,26,0,85,76,0,46.85714286,5,2,3,2,2,2,3,56.66666667,61.11111111,48.63888889,5,2,3
438,60,2,6,3,1,64,76,14,32,10,0,0,28,4,4,1,2,3,3,2,33.33333333,22.22222222,27.27777778,0,2,1
439,33,1,8,3,1,28,89,59,28,78,65,72,59.85714286,5,3,2,2,3,3,2,40,33.33333333,56.54166667,5,2,4
440,37,2,4,4,1,74,93,30,70,9,40,4,45.71428571,5,1,3,2,1,2,3,63.33333333,72.22222222,49.02777778,5,2,3
441,58,2,8,4,2,98,100,100,100,87,66,94,92.14285714,5,3,2,2,3,3,2,40,33.33333333,84.79166667,5,2,3
442,47,2,7,3,1,28,66,56,16,0,0,51,31,4,3,2,1,2,2,2,43.33333333,38.88888889,31.98611111,5,1,3
443,45,1,5,4,1,53,62,30,64,28,61,76,53.42857143,4,2,3,2,3,3,3,50,50,53,5,2,1
444,51,2,5,3,1,82,100,16,70,55,65,8,56.57142857,5,1,4,3,1,1,4,76.66666667,94.44444444,61.30555556,5,2,2
445,66,2,8,4,1,66,68,3,1,0,3,0,20.14285714,6,4,1,1,4,4,3,26.66666667,11.11111111,19.01388889,5,2,4
446,67,1,8,3,1,49,74,52,75,18,18,17,43.28571429,5,3,1,1,3,2,1,33.33333333,22.22222222,40.65277778,5,1,2
447,74,2,4,4,1,60,51,9,67,0,41,59,41,5,3,2,1,2,3,2,40,33.33333333,40.04166667,5,2,4
448,59,2,8,3,1,81,100,55,23,0,0,74,47.57142857,5,3,2,2,3,3,3,43.33333333,38.88888889,46.48611111,5,1,3
449,59,1,4,1,1,53,74,12,79,0,40,13,38.71428571,5,4,1,1,4,4,2,23.33333333,5.555555556,34.56944444,5,1,3
450,66,1,8,4,1,55,96,1,65,73,0,0,41.42857143,5,4,1,1,2,2,1,33.33333333,22.22222222,39.02777778,5,2,4
451,59,2,8,4,1,65,81,15,80,19,54,18,47.42857143,5,2,3,1,1,2,2,53.33333333,55.55555556,48.44444444,5,1,3
452,71,1,8,3,1,71,79,37,64,1,2,12,38,5,3,2,1,2,1,2,46.66666667,44.44444444,38.80555556,5,1,3
453,49,2,8,3,1,18,78,30,52,51,20,8,36.71428571,5,3,1,1,3,2,2,36.66666667,27.77777778,35.59722222,1,1,4
454,59,1,2,1,2,6,8,100,100,100,51,81,63.71428571,4,3,2,4,3,1,4,60,66.66666667,64.08333333,5,2,2
455,52,2,8,4,2,74,76,78,94,7,20,25,53.42857143,6,2,2,2,2,2,2,50,50,53,5,1,4
456,66,1,3,3,1,63,78,0,15,26,85,100,52.42857143,5,2,1,1,2,2,2,43.33333333,38.88888889,50.73611111,5,2,4
457,49,2,5,3,1,65,63,61,84,39,26,0,48.28571429,4,3,2,1,2,2,2,43.33333333,38.88888889,47.11111111,5,2,2
458,50,1,3,2,1,78,77,66,100,51,51,0,60.42857143,4,4,1,2,4,4,2,26.66666667,11.11111111,54.26388889,5,2,3
459,20,2,5,1,1,66,95,59,39,35,17,81,56,4,4,1,1,4,3,2,26.66666667,11.11111111,50.38888889,1,2,4
460,63,2,4,3,1,100,100,100,100,100,100,100,100,5,1,4,2,1,1,4,73.33333333,88.88888889,98.61111111,5,2,2
461,58,1,4,2,1,66,55,62,90,57,56,66,64.57142857,5,3,2,2,3,2,3,46.66666667,44.44444444,62.05555556,5,2,2
462,69,1,4,3,1,65,84,56,43,66,32,45,55.85714286,4,3,2,1,2,2,2,43.33333333,38.88888889,53.73611111,5,2,3
463,72,2,5,2,2,89,100,94,0,41,10,99,61.85714286,4,2,2,3,2,2,3,56.66666667,61.11111111,61.76388889,5,2,4
464,48,1,8,4,1,72,100,20,0,72,19,73,50.85714286,5,3,1,1,3,3,1,30,16.66666667,46.58333333,5,1,4
465,47,1,8,4,1,60,65,0,61,0,56,0,34.57142857,4,4,1,1,4,4,1,20,0,30.25,3,2,2
466,61,2,8,3,1,71,97,26,97,74,19,29,59,5,2,2,2,2,1,2,53.33333333,55.55555556,58.56944444,5,1,4
467,59,2,4,1,1,50,72,73,48,0,73,8,46.28571429,4,1,3,4,1,1,4,76.66666667,94.44444444,52.30555556,5,1,3
468,58,1,4,3,1,62,75,13,15,50,63,6,40.57142857,4,4,1,1,4,4,1,20,0,35.5,5,2,4
469,59,1,8,4,2,66,72,71,93,62,61,73,71.14285714,4,2,3,2,2,2,3,56.66666667,61.11111111,69.88888889,5,2,3
470,48,1,7,3,1,56,58,23,36,16,4,0,27.57142857,4,4,1,1,3,3,1,26.66666667,11.11111111,25.51388889,5,1,2
471,34,2,4,4,2,25,100,77,100,11,65,0,54,5,2,1,1,2,3,2,40,33.33333333,51.41666667,2,1,1
472,33,2,6,1,1,97,97,77,87,46,95,79,82.57142857,4,3,1,1,3,3,2,33.33333333,22.22222222,75.02777778,2,1,4
473,47,1,3,2,2,63,84,60,79,1,29,38,50.57142857,4,2,1,1,2,1,2,46.66666667,44.44444444,49.80555556,5,1,4
474,37,1,7,4,1,64,95,33,51,79,62,27,58.71428571,5,3,1,1,3,4,2,30,16.66666667,53.45833333,5,2,3
475,60,1,8,4,2,52,57,98,43,14,63,70,56.71428571,4,3,1,1,4,2,1,30,16.66666667,51.70833333,5,1,1
476,50,1,8,4,1,18,79,69,22,7,3,71,38.42857143,4,3,1,1,3,4,2,30,16.66666667,35.70833333,5,1,2
477,38,1,6,1,1,88,100,85,87,75,94,71,85.71428571,5,1,3,2,1,1,3,66.66666667,77.77777778,84.72222222,5,1,4
478,39,1,4,4,1,69,100,0,70,0,21,0,37.14285714,5,4,2,1,3,4,2,30,16.66666667,34.58333333,5,2,1
479,39,1,3,1,1,68,100,54,100,1,80,60,66.14285714,4,2,1,1,2,1,1,43.33333333,38.88888889,62.73611111,5,2,2
480,50,2,4,3,1,93,92,26,89,24,65,57,63.71428571,5,2,3,2,2,2,3,56.66666667,61.11111111,63.38888889,5,2,3
481,55,2,1,3,2,12,23,62,87,1,8,4,28.14285714,3,3,2,2,2,3,2,43.33333333,38.88888889,29.48611111,5,2,3
482,68,1,7,4,2,12,12,12,4,2,2,0,6.285714286,4,4,1,1,4,3,1,23.33333333,5.555555556,6.194444444,5,2,4
483,67,1,2,1,2,100,59,8,0,77,2,92,48.28571429,5,2,3,3,2,2,4,63.33333333,72.22222222,51.27777778,5,2,4
484,75,1,7,4,1,41,80,15,25,35,60,10,38,5,4,1,1,4,4,2,23.33333333,5.555555556,33.94444444,5,2,3
485,66,2,6,4,1,66,100,14,68,0,20,26,42,4,2,3,2,1,1,4,66.66666667,77.77777778,46.47222222,5,2,4
486,59,2,3,1,2,23,57,14,66,0,41,56,36.71428571,4,2,1,1,2,1,1,43.33333333,38.88888889,36.98611111,5,1,2
487,47,2,5,3,2,20,60,0,38,0,23,0,20.14285714,3,3,1,1,3,4,1,26.66666667,11.11111111,19.01388889,5,1,2
488,48,1,8,2,1,65,100,24,72,22,58,15,50.85714286,5,3,1,1,3,2,2,36.66666667,27.77777778,47.97222222,5,1,4
489,68,1,4,3,1,85,100,11,2,0,6,5,29.85714286,4,4,1,1,4,3,1,23.33333333,5.555555556,26.81944444,5,2,3
490,54,1,6,3,1,91,98,48,85,11,77,30,62.85714286,5,2,3,2,2,1,4,63.33333333,72.22222222,64.02777778,5,2,1
491,66,2,2,3,1,73,95,28,91,55,13,56,58.71428571,4,4,1,1,4,3,2,26.66666667,11.11111111,52.76388889,5,2,3
492,71,1,4,3,1,87,89,0,2,100,74,14,52.28571429,4,1,3,2,1,1,2,63.33333333,72.22222222,54.77777778,5,2,2
493,59,2,1,4,1,61,100,6,85,0,15,14,40.14285714,5,3,1,1,3,3,2,33.33333333,22.22222222,37.90277778,5,2,3
494,38,2,8,3,1,68,92,71,100,0,81,66,68.28571429,4,2,4,3,2,2,4,66.66666667,77.77777778,69.47222222,5,1,4
495,34,2,3,3,1,71,78,90,50,0,81,0,52.85714286,5,2,2,3,2,2,4,60,66.66666667,54.58333333,3,2,3
496,34,2,4,3,2,96,100,58,87,35,100,64,77.14285714,4,2,2,2,2,2,3,53.33333333,55.55555556,74.44444444,5,2,1
497,50,2,3,2,1,96,95,100,92,96,100,99,96.85714286,4,2,2,4,2,1,3,63.33333333,72.22222222,93.77777778,5,1,3
498,54,1,1,1,1,19,39,14,71,20,9,31,29,4,3,1,1,3,2,2,36.66666667,27.77777778,28.84722222,5,2,3
499,53,2,6,4,1,0,7,21,43,75,0,10,22.28571429,4,4,1,1,4,2,1,26.66666667,11.11111111,20.88888889,5,1,1
500,34,2,8,4,1,75,98,60,71,65,67,37,67.57142857,5,2,3,1,2,2,3,53.33333333,55.55555556,66.06944444,5,2,3
501,40,2,2,3,1,67,100,38,62,69,85,36,65.28571429,4,3,2,1,3,3,2,36.66666667,27.77777778,60.59722222,5,2,2
502,51,2,2,3,1,87,95,68,95,15,60,41,65.85714286,3,2,2,2,2,2,2,50,50,63.875,5,2,3
503,36,2,5,3,2,19,39,27,27,0,0,0,16,4,4,1,1,4,4,1,20,0,14,5,1,2
504,45,1,4,3,1,89,100,21,89,0,0,0,42.71428571,5,1,2,2,1,3,2,53.33333333,55.55555556,44.31944444,5,2,4
505,52,1,1,2,1,11,91,0,94,65,0,0,37.28571429,6,4,1,1,4,3,1,23.33333333,5.555555556,33.31944444,2,1,3
506,63,2,4,3,1,78,78,65,77,13,57,68,62.28571429,5,3,2,2,2,1,3,53.33333333,55.55555556,61.44444444,5,2,2
507,72,1,3,3,2,19,32,11,19,15,15,2,16.14285714,3,3,2,2,3,2,2,43.33333333,38.88888889,18.98611111,5,2,4
508,18,2,2,1,1,75,89,17,36,0,65,0,40.28571429,3,2,3,3,2,1,3,63.33333333,72.22222222,44.27777778,1,2,2
509,58,1,7,4,2,34,43,59,73,61,24,25,45.57142857,5,3,1,1,3,3,1,30,16.66666667,41.95833333,5,2,4
510,55,2,4,4,1,86,78,1,17,22,1,0,29.28571429,5,2,3,2,2,1,2,56.66666667,61.11111111,33.26388889,5,2,4
511,62,1,4,3,1,79,97,87,61,44,38,66,67.42857143,6,1,2,2,1,1,4,66.66666667,77.77777778,68.72222222,5,1,4
512,41,1,3,1,1,80,100,83,85,0,65,82,70.71428571,3,3,1,1,3,3,1,30,16.66666667,63.95833333,5,2,2
513,58,2,4,2,1,9,22,57,0,0,33,0,17.28571429,3,4,1,1,4,4,1,20,0,15.125,2,2,3
514,63,1,5,1,1,77,100,24,100,0,23,0,46.28571429,5,1,2,3,1,1,4,70,83.33333333,50.91666667,5,2,2
515,45,2,4,1,1,71,100,64,100,1,100,91,75.28571429,4,2,2,1,2,1,3,53.33333333,55.55555556,72.81944444,3,2,2
516,31,2,4,1,1,58,85,29,83,62,79,43,62.71428571,4,2,2,2,3,2,2,46.66666667,44.44444444,60.43055556,2,2,3
517,62,1,6,4,1,60,40,67,7,6,20,38,34,5,2,2,2,3,3,2,43.33333333,38.88888889,34.61111111,5,1,3
518,55,2,7,1,1,51,79,0,59,0,0,49,34,4,4,1,1,4,4,1,20,0,29.75,2,2,4
519,41,2,6,1,2,81,88,10,15,70,82,21,52.42857143,4,4,1,1,3,4,1,23.33333333,5.555555556,46.56944444,5,1,4
520,69,2,6,4,1,84,100,41,61,61,13,61,60.14285714,5,1,3,3,1,1,3,70,83.33333333,63.04166667,5,2,4
521,63,2,2,3,1,29,73,0,75,0,26,0,29,4,4,1,1,4,4,1,20,0,25.375,5,2,3
522,41,2,1,4,1,86,100,51,89,89,51,73,77,5,3,3,3,3,3,2,46.66666667,44.44444444,72.93055556,5,1,3
523,65,1,4,4,1,36,68,75,0,100,75,85,62.71428571,4,3,1,2,3,3,2,36.66666667,27.77777778,58.34722222,5,2,4
524,50,2,6,4,1,56,80,67,71,29,63,73,62.71428571,4,2,2,2,2,3,2,46.66666667,44.44444444,60.43055556,5,1,3
525,53,1,3,2,1,65,66,62,87,48,54,67,64.14285714,5,3,2,1,3,2,3,43.33333333,38.88888889,60.98611111,5,2,3
526,35,2,4,1,1,47,66,14,9,0,0,1,19.57142857,3,3,1,1,2,3,2,36.66666667,27.77777778,20.59722222,5,1,1
527,58,2,5,4,1,55,67,0,98,0,33,2,36.42857143,5,2,1,1,2,2,4,50,50,38.125,5,2,3
528,56,1,6,3,2,9,13,18,36,9,1,6,13.14285714,5,4,1,1,3,4,1,23.33333333,5.555555556,12.19444444,5,1,3
529,25,1,6,2,1,84,96,53,38,66,63,53,64.71428571,5,2,3,3,2,2,3,60,66.66666667,64.95833333,5,2,3
530,43,2,7,3,2,0,51,0,100,0,0,0,21.57142857,4,4,1,1,4,4,1,20,0,18.875,5,1,4
531,67,2,4,1,2,100,100,84,21,81,81,77,77.71428571,5,3,2,2,3,2,3,46.66666667,44.44444444,73.55555556,5,2,3
532,33,1,4,2,1,74,71,59,52,4,10,6,39.42857143,4,4,1,1,4,3,1,23.33333333,5.555555556,35.19444444,5,1,2
533,18,1,8,1,1,7,92,25,78,0,13,6,31.57142857,4,3,2,1,3,4,2,33.33333333,22.22222222,30.40277778,5,2,3
534,33,2,7,2,2,30,79,5,16,11,79,8,32.57142857,4,3,2,1,2,3,2,40,33.33333333,32.66666667,5,1,3
535,65,1,2,1,2,1,22,0,1,0,0,0,3.428571429,4,4,1,1,4,4,1,20,0,3,5,2,3
536,30,2,6,2,1,54,88,46,47,17,63,34,49.85714286,4,2,2,1,2,3,2,43.33333333,38.88888889,48.48611111,5,2,3
537,61,2,2,1,1,94,87,3,99,26,88,14,58.71428571,5,3,1,1,3,3,2,33.33333333,22.22222222,54.15277778,5,2,1
538,52,2,8,3,1,54,64,25,54,6,54,8,37.85714286,5,3,2,3,3,3,2,43.33333333,38.88888889,37.98611111,5,1,4
539,35,1,8,4,2,81,93,83,61,23,66,56,66.14285714,5,2,2,1,2,3,2,43.33333333,38.88888889,62.73611111,3,2,4
540,63,2,4,3,1,11,71,62,75,6,66,82,53.28571429,5,4,1,1,3,2,2,33.33333333,22.22222222,49.40277778,5,1,2
541,57,2,3,1,2,84,85,0,15,0,9,0,27.57142857,5,3,2,1,3,3,2,36.66666667,27.77777778,27.59722222,0,2,3
542,39,2,1,3,1,23,68,72,86,67,67,51,62,5,1,3,2,1,1,3,66.66666667,77.77777778,63.97222222,5,2,1
543,51,2,6,3,1,98,100,29,53,0,57,39,53.71428571,5,2,2,1,2,1,2,50,50,53.25,5,2,4
544,32,2,7,3,1,33,91,63,32,25,59,96,57,4,2,3,1,2,2,3,53.33333333,55.55555556,56.81944444,5,2,3
545,57,1,5,1,2,20,71,9,4,0,0,58,23.14285714,3,4,1,1,4,4,1,20,0,20.25,5,2,3
546,40,2,7,3,1,0,100,52,70,100,59,100,68.71428571,4,2,1,1,3,3,1,33.33333333,22.22222222,62.90277778,5,2,3
547,44,1,2,4,1,60,99,38,27,58,68,78,61.14285714,5,1,2,2,1,3,2,53.33333333,55.55555556,60.44444444,5,2,3
548,58,2,6,3,1,88,90,97,98,97,76,85,90.14285714,4,1,4,4,1,2,4,76.66666667,94.44444444,90.68055556,5,1,4
549,26,2,2,4,1,69,100,81,51,69,29,100,71.28571429,3,2,3,2,2,2,2,53.33333333,55.55555556,69.31944444,0,2,2
550,27,2,6,4,2,20,79,47,18,1,62,24,35.85714286,4,4,2,1,3,3,2,33.33333333,22.22222222,34.15277778,5,1,3
551,30,1,5,3,1,61,77,26,76,71,32,62,57.85714286,4,3,2,1,3,2,2,40,33.33333333,54.79166667,5,2,3
552,41,2,4,2,1,0,0,0,75,0,24,0,14.14285714,5,4,1,1,4,4,1,20,0,12.375,5,2,1
553,42,2,4,3,2,0,16,100,100,80,81,53,61.42857143,3,4,1,1,4,2,2,30,16.66666667,55.83333333,5,1,1
554,72,2,5,3,1,84,100,47,0,0,0,0,33,5,4,1,1,4,4,1,20,0,28.875,2,1,4
555,43,2,7,4,1,82,97,73,26,88,32,78,68,5,2,2,3,2,2,3,56.66666667,61.11111111,67.13888889,5,2,4
556,32,2,2,3,1,93,100,30,79,25,79,0,58,4,3,3,3,2,2,4,60,66.66666667,59.08333333,3,1,1
557,53,1,1,4,1,98,99,100,100,44,52,51,77.71428571,6,4,1,1,4,4,1,20,0,68,1,1,1
558,40,1,6,1,1,42,53,47,58,20,3,54,39.57142857,4,3,1,1,3,3,2,33.33333333,22.22222222,37.40277778,5,2,2
559,59,1,3,2,1,71,70,51,58,21,31,27,47,4,3,1,1,3,3,1,30,16.66666667,43.20833333,5,2,2
560,23,1,2,3,1,26,88,14,92,76,2,20,45.42857143,5,2,3,1,2,2,2,50,50,46,5,2,3
561,59,2,3,3,1,67,100,69,75,17,59,41,61.14285714,5,2,2,1,2,1,3,53.33333333,55.55555556,60.44444444,5,2,3
562,39,2,4,2,1,64,80,81,79,85,1,63,64.71428571,4,3,1,1,3,3,2,33.33333333,22.22222222,59.40277778,5,1,1
563,59,2,6,1,2,40,78,13,100,12,75,28,49.42857143,4,2,3,3,2,2,3,60,66.66666667,51.58333333,5,2,2
564,38,1,7,4,2,100,100,0,0,91,0,0,41.57142857,5,4,1,2,4,1,3,40,33.33333333,40.54166667,5,2,2
565,40,2,2,3,1,38,64,39,79,31,35,65,50.14285714,4,2,3,2,2,2,3,56.66666667,61.11111111,51.51388889,5,1,3
566,49,2,5,2,2,62,98,73,71,0,56,66,60.85714286,5,2,3,3,2,1,2,60,66.66666667,61.58333333,5,2,3
567,44,1,5,4,2,26,22,14,98,6,13,0,25.57142857,4,2,2,1,1,1,3,56.66666667,61.11111111,30.01388889,5,2,3
568,65,1,6,1,2,67,93,57,88,29,62,48,63.42857143,4,4,1,1,4,3,2,26.66666667,11.11111111,56.88888889,5,2,4
569,40,2,6,3,1,55,93,56,89,9,31,15,49.71428571,6,2,3,2,2,2,3,56.66666667,61.11111111,51.13888889,5,1,3
570,58,1,3,1,2,10,11,6,0,0,30,4,8.714285714,4,4,1,1,4,3,1,23.33333333,5.555555556,8.319444444,5,1,3
571,68,1,6,4,1,100,100,12,28,4,73,0,45.28571429,4,1,2,3,2,1,4,66.66666667,77.77777778,49.34722222,5,2,3
572,41,1,3,1,1,80,82,85,100,90,88,89,87.71428571,4,2,2,1,3,3,2,40,33.33333333,80.91666667,5,1,3
573,70,1,5,4,1,92,100,12,3,0,67,68,48.85714286,6,1,2,2,1,1,3,63.33333333,72.22222222,51.77777778,5,2,4
574,49,2,4,4,1,71,95,73,69,23,19,5,50.71428571,5,1,3,3,1,1,3,70,83.33333333,54.79166667,5,1,2
575,37,1,2,1,1,76,93,58,93,15,57,33,60.71428571,5,3,4,2,2,1,4,63.33333333,72.22222222,62.15277778,5,1,1
576,64,2,1,1,2,82,88,87,100,8,68,30,66.14285714,4,4,1,1,3,3,1,26.66666667,11.11111111,59.26388889,5,2,3
577,34,2,1,4,2,100,100,19,100,17,67,0,57.57142857,5,1,3,2,1,1,4,70,83.33333333,60.79166667,5,2,1
578,49,2,6,3,1,42,76,32,58,20,57,72,51,6,4,2,1,4,3,2,30,16.66666667,46.70833333,1,2,3
579,45,1,8,3,2,0,61,52,0,51,0,65,32.71428571,6,4,1,1,4,4,1,20,0,28.625,5,2,4
580,31,2,8,4,2,10,9,61,93,89,14,68,49.14285714,5,4,2,1,3,3,2,33.33333333,22.22222222,45.77777778,5,2,4
581,31,2,6,3,1,16,71,75,95,37,89,100,69,4,3,2,1,3,2,2,40,33.33333333,64.54166667,2,1,3
582,24,1,5,4,1,83,92,58,29,12,63,8,49.28571429,5,2,3,2,3,3,3,50,50,49.375,1,2,3
583,62,2,4,3,2,21,33,8,65,0,50,5,26,5,4,1,1,3,3,2,30,16.66666667,24.83333333,5,2,3
584,22,1,1,1,1,100,100,100,100,100,100,100,100,4,1,4,4,1,1,4,80,100,100,5,1,2
585,63,1,2,2,1,85,91,0,70,0,89,14,49.85714286,5,2,1,2,3,3,2,40,33.33333333,47.79166667,5,1,2
586,51,1,4,4,1,51,51,51,51,51,51,51,51,4,2,2,2,2,2,2,50,50,50.875,5,2,3
587,40,1,8,4,1,81,92,59,97,34,70,66,71.28571429,6,2,3,3,2,2,3,60,66.66666667,70.70833333,3,1,3
588,27,2,8,3,1,14,100,0,63,52,0,57,40.85714286,4,3,2,2,3,1,3,50,50,42,5,2,2
589,27,2,4,3,1,66,97,72,56,32,59,84,66.57142857,4,3,2,2,2,2,2,46.66666667,44.44444444,63.80555556,5,2,3
590,38,2,8,4,1,94,95,83,86,71,62,59,78.57142857,4,4,3,3,3,4,3,43.33333333,38.88888889,73.61111111,5,1,4
591,52,1,8,4,1,62,71,54,13,79,22,64,52.14285714,5,2,2,2,1,2,2,53.33333333,55.55555556,52.56944444,5,1,4
592,34,1,8,4,1,70,69,61,38,63,69,75,63.57142857,5,2,3,2,2,1,2,56.66666667,61.11111111,63.26388889,5,2,3
593,31,1,8,3,1,48,51,51,51,54,51,51,51,4,3,3,2,3,2,3,50,50,50.875,5,2,3
594,68,2,3,3,2,23,83,29,25,12,71,58,43,4,3,2,1,3,2,2,40,33.33333333,41.79166667,5,2,3
595,39,1,4,1,1,0,1,0,0,0,0,0,0.142857143,2,2,1,1,2,2,1,40,33.33333333,4.291666667,5,2,2
596,21,2,5,1,1,60,78,80,77,37,5,100,62.42857143,5,1,4,4,2,2,4,73.33333333,88.88888889,65.73611111,5,2,4
597,52,2,3,1,1,100,100,81,70,0,79,77,72.42857143,5,2,3,2,1,1,4,66.66666667,77.77777778,73.09722222,5,2,3
598,36,1,8,3,1,44,89,40,19,69,61,60,54.57142857,3,4,1,1,4,4,2,23.33333333,5.555555556,48.44444444,5,2,1
599,76,2,4,3,2,55,100,29,32,60,55,73,57.71428571,5,4,1,1,4,4,2,23.33333333,5.555555556,51.19444444,5,1,3
600,31,1,3,2,1,29,72,100,100,76,75,100,78.85714286,3,2,3,4,3,2,2,56.66666667,61.11111111,76.63888889,5,2,3
601,77,2,3,2,2,100,100,100,86,23,62,26,71,4,3,2,1,2,3,4,46.66666667,44.44444444,67.68055556,5,2,3
602,25,1,3,3,2,6,49,4,34,66,18,34,30.14285714,4,2,2,2,2,3,1,43.33333333,38.88888889,31.23611111,5,2,3
603,58,2,2,2,1,69,100,0,86,0,39,54,49.71428571,5,2,2,1,3,3,2,40,33.33333333,47.66666667,5,1,4
604,36,2,7,4,1,88,88,89,88,86,80,81,85.71428571,5,2,3,3,1,2,3,63.33333333,72.22222222,84.02777778,5,1,3
605,59,1,8,4,1,64,78,63,22,19,17,16,39.85714286,5,2,1,1,2,2,2,43.33333333,38.88888889,39.73611111,5,1,4
606,69,2,2,2,2,85,51,0,0,0,60,0,28,5,3,1,1,3,1,1,36.66666667,27.77777778,27.97222222,5,2,3
607,35,1,8,2,1,40,100,29,23,51,30,67,48.57142857,4,3,3,2,3,3,2,43.33333333,38.88888889,47.36111111,5,2,4
608,59,2,6,2,1,88,99,13,100,45,89,69,71.85714286,5,2,2,3,2,2,4,60,66.66666667,71.20833333,5,1,3
609,58,2,8,4,1,35,100,62,65,65,30,63,60,4,2,3,2,2,1,3,60,66.66666667,60.83333333,5,2,4
610,22,2,4,3,1,37,100,23,69,54,15,8,43.71428571,4,3,1,1,2,2,2,40,33.33333333,42.41666667,2,2,2
611,31,2,5,4,1,7,100,0,69,0,23,0,28.42857143,4,3,1,1,4,2,1,30,16.66666667,26.95833333,5,2,3
612,42,2,7,4,1,64,65,68,22,95,29,85,61.14285714,4,2,3,1,1,2,3,56.66666667,61.11111111,61.13888889,5,1,3
613,49,2,1,1,1,76,72,17,85,0,54,12,45.14285714,4,2,3,3,2,2,2,56.66666667,61.11111111,47.13888889,5,2,4
614,39,1,6,2,2,2,6,5,8,78,24,100,31.85714286,5,3,1,2,4,4,2,30,16.66666667,29.95833333,5,1,3
615,23,2,3,3,1,68,69,90,96,33,29,66,64.42857143,5,2,3,2,3,3,4,53.33333333,55.55555556,63.31944444,1,2,2
616,29,2,2,1,1,100,100,69,100,0,100,38,72.42857143,2,1,4,4,1,1,1,70,83.33333333,73.79166667,5,2,1
617,26,2,1,1,1,95,100,67,90,9,91,21,67.57142857,4,1,2,2,1,1,2,60,66.66666667,67.45833333,5,1,1
618,63,2,2,3,2,52,29,72,98,96,20,96,66.14285714,4,2,1,1,2,2,1,40,33.33333333,62.04166667,5,2,3
619,35,1,1,3,1,100,100,68,70,34,0,67,62.71428571,3,3,2,2,3,3,2,40,33.33333333,59.04166667,5,2,3
620,60,1,1,1,1,100,78,21,0,0,0,0,28.42857143,6,3,1,1,3,3,1,30,16.66666667,26.95833333,5,2,4
621,62,1,5,3,2,61,88,39,80,73,76,68,69.28571429,5,3,2,2,3,3,3,43.33333333,38.88888889,65.48611111,5,1,3
622,29,1,5,3,1,23,98,8,83,7,0,13,33.14285714,5,4,2,2,3,3,2,36.66666667,27.77777778,32.47222222,5,1,3
623,30,2,5,4,2,19,24,40,28,70,12,11,29.14285714,4,4,1,2,4,3,2,30,16.66666667,27.58333333,4,2,3
624,62,2,6,3,2,100,100,18,67,0,26,23,47.71428571,4,2,2,2,3,1,4,56.66666667,61.11111111,49.38888889,5,2,3
625,32,2,8,4,2,67,78,66,74,74,73,96,75.42857143,2,2,3,2,1,2,3,60,66.66666667,74.33333333,5,2,4
626,62,1,5,4,1,23,48,14,24,5,14,12,20,4,4,1,1,4,4,1,20,0,17.5,1,2,3
627,18,2,3,1,1,22,87,26,74,24,75,36,49.14285714,2,3,2,1,2,2,2,43.33333333,38.88888889,47.86111111,1,2,3
628,53,1,8,2,2,32,31,34,16,60,38,75,40.85714286,5,3,2,2,3,3,2,40,33.33333333,39.91666667,5,2,3
629,53,2,7,1,2,0,19,0,0,0,0,0,2.714285714,4,4,1,1,4,4,1,20,0,2.375,5,1,3
630,43,1,4,2,1,56,82,7,87,0,0,31,37.57142857,4,4,1,1,4,4,1,20,0,32.875,0,2,4
631,33,2,6,1,1,65,100,37,68,6,64,40,54.28571429,5,2,3,3,2,1,4,66.66666667,77.77777778,57.22222222,5,2,3
632,53,1,4,2,2,83,100,100,41,72,33,77,72.28571429,4,1,2,1,1,2,4,60,66.66666667,71.58333333,5,2,3
633,68,1,5,4,1,22,28,8,8,0,5,70,20.14285714,5,3,2,1,3,3,2,36.66666667,27.77777778,21.09722222,5,2,3
634,28,1,8,4,1,13,54,23,28,9,20,47,27.71428571,4,4,1,1,4,3,1,23.33333333,5.555555556,24.94444444,5,2,3
635,52,2,2,1,2,92,92,57,60,67,67,33,66.85714286,4,2,2,2,2,2,2,50,50,64.75,5,2,1
636,56,1,3,3,1,100,92,30,22,0,61,0,43.57142857,4,3,2,1,2,1,3,50,50,44.375,5,2,3
637,67,2,6,3,2,0,0,0,1,0,0,2,0.428571429,4,4,1,1,4,4,1,20,0,0.375,2,2,4
638,28,2,5,4,1,31,29,83,8,0,0,0,21.57142857,3,4,1,1,4,4,1,20,0,18.875,2,2,4
639,39,1,1,1,2,31,73,77,93,7,31,65,53.85714286,4,3,2,1,3,2,2,40,33.33333333,51.29166667,5,1,4
640,38,1,6,2,1,71,100,85,98,56,98,67,82.14285714,5,2,4,3,1,1,3,70,83.33333333,82.29166667,5,1,2
641,60,1,7,4,2,8,8,55,57,0,0,0,18.28571429,4,4,2,1,4,3,1,26.66666667,11.11111111,17.38888889,5,2,3
642,22,1,5,1,1,58,76,69,59,100,9,0,53,4,3,1,1,3,3,2,33.33333333,22.22222222,49.15277778,5,2,1
643,24,2,5,4,1,55,100,60,40,10,91,7,51.85714286,4,1,4,2,1,1,3,70,83.33333333,55.79166667,5,2,3
644,49,2,4,2,1,82,100,8,50,1,81,0,46,5,2,2,3,2,3,4,56.66666667,61.11111111,47.88888889,5,1,3
645,18,2,6,1,1,17,70,33,0,0,20,10,21.42857143,3,3,2,1,2,2,2,43.33333333,38.88888889,23.61111111,2,2,3
646,50,1,5,3,2,45,43,44,60,48,56,45,48.71428571,4,3,2,1,3,3,2,36.66666667,27.77777778,46.09722222,1,2,2
647,28,1,7,4,1,77,100,86,86,27,78,6,65.71428571,5,3,3,2,3,3,3,46.66666667,44.44444444,63.05555556,5,2,2
648,29,1,6,1,1,19,67,17,49,11,46,70,39.85714286,5,4,1,1,4,3,2,26.66666667,11.11111111,36.26388889,5,2,3
649,25,2,3,1,1,38,89,19,98,0,79,17,48.57142857,3,3,1,2,2,1,2,46.66666667,44.44444444,48.05555556,2,2,1
650,32,2,5,3,2,82,84,62,85,2,5,89,58.42857143,2,2,1,2,3,1,2,46.66666667,44.44444444,56.68055556,5,1,3
651,41,2,5,1,1,8,22,18,9,3,0,0,8.571428571,2,3,1,1,3,3,1,30,16.66666667,9.583333333,2,1,3
652,47,2,6,4,1,21,42,84,87,90,17,36,53.85714286,5,2,2,1,2,2,2,46.66666667,44.44444444,52.68055556,5,1,1
653,65,1,6,4,2,54,76,56,59,0,18,70,47.57142857,4,4,1,1,4,4,2,23.33333333,5.555555556,42.31944444,5,2,4
654,25,1,8,2,2,98,100,94,100,11,75,0,68.28571429,6,2,3,4,1,2,3,66.66666667,77.77777778,69.47222222,5,2,3
655,51,1,6,4,1,63,98,30,68,18,38,24,48.42857143,5,3,2,2,3,2,3,46.66666667,44.44444444,47.93055556,5,2,2
656,26,1,8,3,2,26,86,59,37,71,37,67,54.71428571,4,3,1,2,4,2,2,36.66666667,27.77777778,51.34722222,0,2,4
657,29,1,6,3,1,69,100,63,46,22,52,36,55.42857143,5,2,2,1,2,2,2,46.66666667,44.44444444,54.05555556,1,2,4
658,22,1,7,2,1,0,0,62,15,0,60,98,33.57142857,3,4,1,1,3,4,1,23.33333333,5.555555556,30.06944444,5,2,1
659,42,1,8,4,1,77,88,86,89,46,62,51,71.28571429,5,4,2,1,3,4,1,26.66666667,11.11111111,63.76388889,5,2,3
660,28,1,3,3,1,65,64,25,67,4,43,55,46.14285714,4,3,2,2,3,2,2,43.33333333,38.88888889,45.23611111,5,2,2
661,68,1,4,3,1,18,27,34,62,49,33,57,40,4,3,1,1,3,3,1,30,16.66666667,37.08333333,1,2,4
662,18,1,5,1,1,32,41,56,27,21,19,51,35.28571429,4,2,1,2,3,2,2,43.33333333,38.88888889,35.73611111,2,2,3
663,45,1,8,3,2,28,31,100,100,100,76,60,70.71428571,3,1,4,4,1,2,4,76.66666667,94.44444444,73.68055556,5,2,3
664,24,2,4,2,1,25,62,21,65,18,64,57,44.57142857,4,3,1,2,1,1,1,46.66666667,44.44444444,44.55555556,4,2,3
665,22,2,1,1,1,44,96,99,100,70,65,100,82,5,1,4,2,1,1,4,73.33333333,88.88888889,82.86111111,5,2,1
666,31,1,7,3,1,22,66,43,72,74,51,72,57.14285714,4,3,1,1,2,2,1,36.66666667,27.77777778,53.47222222,5,2,3
667,30,1,8,3,1,67,74,23,64,9,18,22,39.57142857,4,4,2,2,3,3,2,36.66666667,27.77777778,38.09722222,5,2,3
668,25,1,3,1,2,0,89,78,0,0,0,100,38.14285714,4,3,2,1,3,1,2,43.33333333,38.88888889,38.23611111,2,2,1
669,31,2,2,1,2,79,74,82,75,65,81,38,70.57142857,4,2,2,1,1,3,2,46.66666667,44.44444444,67.30555556,5,2,1
670,59,2,4,3,1,24,25,35,92,19,7,37,34.14285714,5,3,2,2,3,2,3,46.66666667,44.44444444,35.43055556,5,2,3
671,18,2,8,1,1,31,68,56,74,16,66,21,47.42857143,3,2,2,3,2,2,2,53.33333333,55.55555556,48.44444444,3,2,3
672,18,2,2,1,1,61,77,68,95,6,87,81,67.85714286,3,1,2,2,1,1,2,60,66.66666667,67.70833333,0,2,2
673,35,1,6,4,2,66,62,63,28,79,94,100,70.28571429,5,1,3,2,2,2,4,63.33333333,72.22222222,70.52777778,5,2,1
674,60,2,7,1,2,0,56,65,95,14,0,56,40.85714286,5,2,2,3,1,2,1,53.33333333,55.55555556,42.69444444,5,1,3
675,22,1,7,1,1,37,66,39,80,10,69,58,51.28571429,4,3,2,2,2,2,3,50,50,51.125,5,2,3
676,21,2,7,1,1,30,71,82,96,70,23,96,66.85714286,3,2,2,1,3,3,2,40,33.33333333,62.66666667,5,2,2
677,24,2,2,3,1,16,16,17,88,4,93,6,34.28571429,2,2,2,1,2,2,1,43.33333333,38.88888889,34.86111111,5,2,3
678,59,1,2,1,1,71,71,61,79,2,15,39,48.28571429,5,2,1,2,1,2,3,53.33333333,55.55555556,49.19444444,5,2,3
679,41,1,7,3,1,19,55,15,45,34,42,9,31.28571429,4,4,4,3,2,2,2,53.33333333,55.55555556,34.31944444,5,1,4
680,27,2,4,3,1,74,86,97,100,55,90,81,83.28571429,5,1,3,2,1,1,4,70,83.33333333,83.29166667,0,2,2
681,55,2,4,3,1,21,66,79,64,35,62,85,58.85714286,4,2,1,1,2,2,2,43.33333333,38.88888889,56.36111111,5,1,3
682,54,2,6,2,1,81,100,51,75,0,57,0,52,6,3,1,1,3,4,2,30,16.66666667,47.58333333,2,2,4
683,24,2,2,3,1,69,90,78,79,44,61,75,70.85714286,3,3,1,1,2,3,2,36.66666667,27.77777778,65.47222222,3,2,3
684,25,2,3,1,1,73,100,1,83,0,11,0,38.28571429,5,3,1,1,3,3,2,33.33333333,22.22222222,36.27777778,5,2,3
685,19,2,1,1,1,17,99,87,87,32,88,14,60.57142857,3,2,4,4,2,2,4,70,83.33333333,63.41666667,0,2,3
686,23,1,5,3,2,26,55,24,47,21,28,10,30.14285714,4,4,1,1,3,3,2,30,16.66666667,28.45833333,5,2,4
687,31,1,7,3,1,41,55,56,75,55,57,40,54.14285714,6,2,2,2,2,2,2,50,50,53.625,5,1,3
688,64,2,3,3,1,100,100,100,100,30,74,69,81.85714286,4,1,4,4,1,1,4,80,100,84.125,5,2,4
689,26,1,8,1,2,9,69,71,73,11,100,3,48,4,2,3,3,2,1,4,66.66666667,77.77777778,51.72222222,5,2,2
690,40,2,5,3,1,13,13,13,12,1,10,9,10.14285714,4,4,1,1,4,4,1,20,0,8.875,1,1,3
691,31,2,3,4,2,67,67,38,72,74,22,74,59.14285714,5,2,4,3,2,2,3,63.33333333,72.22222222,60.77777778,5,2,3
692,18,2,1,1,2,43,97,26,66,1,74,70,53.85714286,4,4,2,2,3,3,2,36.66666667,27.77777778,50.59722222,5,2,4
693,41,1,6,3,1,46,70,55,85,1,65,22,49.14285714,4,4,2,1,4,4,2,26.66666667,11.11111111,44.38888889,3,1,3
694,19,2,8,1,1,0,88,32,17,75,0,100,44.57142857,4,1,3,2,1,1,2,63.33333333,72.22222222,48.02777778,3,2,4
695,47,2,7,3,1,50,100,1,77,0,87,20,47.85714286,5,3,2,2,3,3,2,40,33.33333333,46.04166667,5,2,4
696,23,1,4,1,1,67,84,40,66,0,35,30,46,4,4,1,1,3,4,1,23.33333333,5.555555556,40.94444444,1,2,3
697,26,1,7,1,1,29,100,33,100,100,71,0,61.85714286,4,4,1,2,3,3,2,33.33333333,22.22222222,56.90277778,4,2,3
698,18,1,4,1,1,0,25,6,19,0,0,74,17.71428571,5,4,2,2,4,3,2,33.33333333,22.22222222,18.27777778,4,2,3
699,21,2,1,1,1,72,100,37,45,0,34,28,45.14285714,4,2,1,2,1,1,2,53.33333333,55.55555556,46.44444444,2,2,1
700,58,2,2,1,1,100,100,100,10,0,100,0,58.57142857,4,1,4,4,1,2,4,76.66666667,94.44444444,63.05555556,5,2,4
